NUM_DG;NUM_OR;Date;Client;Machine;NUMERO_DE_SERIE;Organe;Heures/Ha;Type;NUM_Recepice;"Echantillons_huiles";"Pieces_Envoyes";"Pieces_Demandes";"Pieces_Rembourses";"Pieces_Refuses";"MO_Demande";"MO_Rembourse";"MO_Refuse";franchise;Montant_non_rembourse;date_paiement;Emplacement;Date_rebus;Colonne1;"Pieces_mise_au_rebus";MOTIF_REFUS;"REMBOUSEMENT_PARTIEL";AUDIT;Compte_rendu_audit;num_unique;Date_OR;;
44436;42125;2024-06-19;LABAT ALAIN;ARION 430;A7300190;OS 15806;1535;OS;403832762;;;81,20;81,20;0,00;167,33;167,33;0,00;;0,00;2024-07-03;juin;02-10-2024;0;;;;;;2;;;45322
44576;41726;2023-09-19;CUMA MIESPOSA;ARION 630;A9703090;ACTIVATEUR TURBO;2736;MAXI CARE;403942569;;;1788,98;1788,98;0,00;267,30;267,30;0,00;;0,00;2024-05-03;septembre;02-08-2024;1;0;;;;;3;;;
44612;41949;2023-10-23;ADOUR MOTOCULTURE;160-94 TX-TZ;CT42K0319;CAPTEUR POSITION;4012-19;GARANTIE PIECES;403976009;;;214,78;214,78;0,00;89,10;89,10;0,00;;0,00;2024-03-05;octobre;04-06-2024;1;0;;;;;4;;;
44615;42022;2023-11-08;SARL COUREAU;ARION 450;A5306131;DISTRIBUREUR N° BLEU;2731H;MAXI CARE;403994965;;;898,90;898,90;0,00;207,90;207,90;0,00;;0,00;2024-03-05;novembre;04-06-2024;1;0;;;;;5;;;
44635;42074;2023-11-13;EARL DOUS AOUCHETS;ARION 650;A9702425;SONDE COLMATAGE;346H;GARANTIE;404002866;;;44,55;44,55;0,00;118,80;118,80;0,00;;0,00;2024-03-05;novembre;04-06-2024;1;0;;;;;6;;;
44639;42104;2023-12-08;ADOUR MOTOCULTURE;AXION 800;A6000291;TURBO + COMPRESSEUR;4472H ;GARANTIE COMMERCIALE;404008788;;;2912,40;2912,40;0,00;;;0,00;;0,00;2024-05-21;décembre;20-08-2024;1;0;;;;;7;;;
44640;42073;2023-12-04;EARL DOUS AOUCHETS;ARION 460;A5305319;FUITE COUPLEUR HYDRO;1312H;MAXI CARE;404021952;;;224,70;224,70;0,00;83,16;83,16;0,00;;0,00;2024-03-12;décembre;11-06-2024;1;0;;;;;8;;;
44644;42045;2023-12-06;BESSET PASCAL;ARION 450;A7301985;MODIF CLIM;958H;GARANTIE;404024168;;;665,94;665,94;0,00;;;0,00;;0,00;2024-04-09;décembre;09-07-2024;1;0;;;;;9;;;
44649;5660;2023-12-12;TASTET CEDRIC;ARION 410;A5201173;JAUGE AD BLUE;3145H;MAXI CARE;404033710;;;463,34;463,34;0,00;415,80;415,80;0,00;;0,00;2024-03-12;décembre;11-06-2024;1;0;;;;;10;;;
44651;42155;2023-12-08;EARL LAFITTON;ARION 510;A7402355;;3087H;MAXI CARE;404026918;;;97,98;97,98;0,00;534,60;534,60;0,00;;0,00;2024-03-12;décembre;11-06-2024;1;0;;;;;11;;;
44654;5661;2023-12-13;TASTET CEDRIC;ARION 410;A5201173;VALVES HYDO;3142H;MAXI CARE;404033757;;;184,65;184,65;0,00;166,32;166,32;0,00;;0,00;2024-03-12;décembre;11-06-2024;1;0;;;;;12;;;
44656;42202;2023-12-15;CUMA MIESPOSA;ARION 660;A9703691;CHANDELLES;2892H;MAXI CARE;404039883;;;602,55;602,55;0,00;93,75;93,75;0,00;150,00;0,00;2024-03-12;décembre;11-06-2024;1;0;;;;;13;;;
44658;42212;2023-12-15;CUMA MIESPOSA;ARION 660;A7601866;PLATINE FUSIBLE;2893H;MAXI CARE;404045667;;;631,91;631,91;0,00;163,35;163,35;0,00;150,00;0,00;2024-04-22;décembre;22-07-2024;1;0;;;;;14;;;
44659;42213;2023-12-15;CUMA MIESPOSA;ARION 630;A7601866;RETROVISEUR;2893H;MAXI CARE;404040018;;;298,75;298,75;0,00;59,40;59,40;0,00;150,00;0,00;2024-03-22;décembre;21-06-2024;1;0;;;;;15;;;
44660;42215;2023-12-12;CUMA MIESPOSA;ARION 660;A7601866;SILENT BLOC CABINE;2893H;MAXI CARE;404045956;;;352,40;352,40;0,00;534,60;297,00;237,60;;237,60;2024-04-22;décembre;22-07-2024;1;0;;1;;;16;;;
44674;5670;2024-01-05;BOSAGRI;SCORPION 746 VP STAGE V;K3500970;;59h;GARANTIE;404056167;;;21,28;21,28;0,00;110,38;110,38;0,00;;0,00;2024-02-07;janvier;08-05-2024;1;0;;;;;17;;;
44675;5671;2024-01-05;BOSAGRI;SCORPION 746 VP STAGE V;K3500970;KIT DE MODIFICATION ;59H;GARANTIE;404056212;;;217,50;217,50;0,00;237,60;237,60;0,00;;0,00;2024-07-24;janvier;23-10-2024;1;0;;;;;18;;;
44676;5672;2024-01-05;BOSAGRI;SCORPION 746 VP STAGE V;K3500970;CAVAGE BENNAGE LENT;59H;GARANTIE;404057996;;;;;0,00;59,40;59,40;0,00;;0,00;2024-06-19;;;0;;;;;;19;;;
44678;42252;2024-01-10;LASSEGUE BAPTISTE;ARION 660;A9703691;POMPE GAVAGE;26H;GARANTIE;404059393;;;968,78;853,00;115,78;3382,00;3382,00;0,00;;115,78;2024-06-03;janvier;02-09-2024;1;0;CONSOMMABLE NON PRIS EN CHARGE;1;;;20;;;
44682;5669;2024-01-17;BOSAGRI;SCORPION 746 VP STAGE V;K3500970;INJECTEUR;59H;GARANTIE;404063933;;;2521,74;2521,74;0,00;676,50;676,50;0,00;;0,00;2024-07-24;janvier;23-10-2024;1;0;;;;;21;;;
44683;42318;2024-01-15;EARL LAFITTON;ARION 510;A7402355;ARBRE PONT AV GAUCHE;3088H;MAXI CARE;404064033;;;1600,51;1600,51;0,00;415,80;415,80;0,00;;0,00;2024-05-07;janvier;06-08-2024;1;0;;;;;22;;;
44689;43005;2024-06-20;EARL ESPAGNE;ARION 630;A9703194;OS 15992;1033;OS;404036970;;;;;0,00;118,80;118,80;0,00;;0,00;2024-07-03;;;0;;;;;;23;;;
44690;43012;2024-06-19;LOUSTAUNEAU ALEXANDRE;ARION 630;A9703194;OS 15992;340;OS;404036970;;;;;0,00;118,80;118,80;0,00;;0,00;2024-07-03;;;0;;;;;;24;;;
44693;43004;2024-06-19;CUMA MIESPOSA;ARION 610;A9700800;OS 15992;1867;OS;404034036;;;;;0,00;118,80;118,80;0,00;;0,00;2024-07-03;;;0;;;;;;25;;;
44696;43011;2024-06-19;EARL DES MONTS;ARION 630;A9601701;OS 15992;2270;OS;404034288;;;;;0,00;118,80;118,80;0,00;;0,00;2024-07-03;;;0;;;;;;26;;;
44697;43006;2024-06-19;EARL L'ENCATADE;ARION 630;A9701737;OS 15992;989;OS;404035477;;;;;0,00;118,80;118,80;0,00;;0,00;2024-07-03;;;0;;;;;;27;;;
44700;43008;2024-06-20;ADOUR MOTOCULTURE;ARION 510;A9400387;OS 15992;973;OS;404034037;;;;;0,00;118,80;118,80;0,00;;0,00;2024-07-03;;;0;;;;;;28;;;
44702;42974;2024-06-13;EARL DOUS AOUCHETS;ARION 650;A9702425;OS 15992;683;OS;404035620;;;;;0,00;118,80;118,80;0,00;;0,00;2024-06-19;;;0;;;;;;29;;;
44704;43010;2024-06-19;SARL MLE;ARION 630;A9703634;OS 15992;407;OS;404037197;;;;;0,00;118,80;118,80;0,00;;0,00;2024-07-03;;;0;;;;;;30;;;
44705;43007;2024-06-28;BESSET PASCAL;ARION 610;A9601355;OS 15992;1923;OS;404033929;;;;;0,00;118,80;118,80;0,00;;0,00;2024-07-03;;;0;;;;;;31;;;
44707;43009;2024-06-19;SARL DECES ET CIE;ARION 610;A9601738;OS 15992;3327;OS;404034301;;;;;0,00;118,80;118,80;0,00;;0,00;2024-07-03;;;0;;;;;;32;;;
44712;42304;2024-01-30;EARL DE VERSAILLE;CHARGEUR;B9113783;AUTOCOLLANT;1;GARANTIE;404082348;;;60,28;60,28;0,00;46,13;46,13;0,00;;0,00;2024-03-04;janvier;03-06-2024;1;0;;;;;33;;;
44715;42319;2024-02-02;LABEYRIE;SCORPION 741 VP STAGE V;K3300780;COUDE CHAUFFAGE;2180H;GARANTIE;404087568;;;32,14;32,14;0,00;92,25;92,25;0,00;;0,00;2024-07-24;février;23-10-2024;1;0;;;;;34;;;
44716;42378;2024-02-05;SARL MLE;ARION 630;A9703634;REV 100H;94H;SOL CLAAS LOCATION;404088674;;;;;;;;;;;;;;0;;;;;;35;;;
44716;42378;2024-02-05;SARL MLE;ARION 630;A9703634;REV 100H;94H;MOL CLAAS LOCATION;404088679;;;421,78;421,78;0,00;276,75;276,75;0,00;;0,00;2024-03-12;février;11-06-2024;0;;;;;;36;;;
44717;42391;2024-02-07;CUMA MIESPOSA;ARION 630;A7601866;SUPPORT DE SIEGE;;MAXI CARE;404089078;;;249,64;249,64;0,00;123,00;123,00;0,00;150,00;0,00;2024-03-22;février;21-06-2024;1;0;;;;;37;;;
44719;42365;2024-02-08;LASSEGUE BAPTISTE;ARION 660;A9703691;FUITES + CUVE FILTRE;32H;GARANTIE;404091412;;;212,54;212,54;0,00;922,50;922,50;0,00;;0,00;2024-07-24;février;23-10-2024;1;0;;;;;38;;;
44720;42353;2024-02-08;EARL LE BELICQ;ARION 660;A9702701;COURROIE;541H;GARANTIE;404092054;;;50,29;50,29;0,00;276,75;276,75;0,00;;0,00;2024-03-18;février;17-06-2024;1;0;;;;;39;;;
44721;;2024-02-08;;;;;;;;;;;;;;;;;;;;;0;;;;;;40;;;
44723;42077;2024-02-19;EARL DOUS AOUCHETS;ARION 650;A9702425;FUITE D'HUILE;423H;GARANTIE;404099676;;;76,44;76,44;0,00;246,00;246,00;0,00;;0,00;2024-04-03;février;03-07-2024;1;0;;;;;41;;;
44726;42416;2024-02-21;EARL DOUS AOUCHETS;ARION 650;A9702425;FOURCHE STABILISATEIUR;427H;GARANTIE;404102979;;;112,04;112,04;0,00;30,75;30,75;0,00;;0,00;2024-04-03;février;03-07-2024;1;0;;;;;42;;;
44727;42412;2024-02-19;EARL POUPON;ARION 510;A9400387;CONTACTEUR STOP;817H;MAXI CARE;404099725;;;89,50;89,50;0,00;98,40;98,40;0,00;;0,00;2024-04-03;février;03-07-2024;1;0;;;;;43;;;
44728;5687;2024-02-19;SCEA DU PONT D'UGNE;ELIOS 210;A4801924;FUITE REDUCTEUR GAUCHE;1838H;MAXI CARE;404100254;;;93,61;93,61;0,00;246,00;246,00;0,00;;0,00;2024-07-24;février;23-10-2024;1;0;;;;;44;;;
44730;42418;2024-02-27;LASSEGUE BAPTISTE;ARION 660;A9703691;CEBIS;52;GARANTIE;404101584;;;;;0,00;492,00;215,25;276,75;;276,75;2024-06-19;;;0;;;1;;;45;;;
44731;42350;2024-02-22;EARL MENAOUT;ARION 650;A3701675;JOINT DE CULASSE;52H;PARTICIPATION COMMERCIALE;404103508;;;130,06;;130,06;2337,00;;2337,00;;2467,06;2024-07-05;février;04-10-2024;1;0;;1;;;46;;;
44733;42468;2024-02-28;CUMA MIESPOSA;ARION 630;A7601866;TUYAU ORBITROL;2898H;MAXI CARE;404109151;;;38,48;38,48;0,00;215,25;215,25;0,00;;0,00;2024-07-05;février;04-10-2024;1;0;;;;;47;;;
44736;5701-42528;2024-03-14;LAMIGNON;ARION 620;A3603932;TUYAU HP;28H;GARANTIE PIECES;404123049;;;153,28;153,28;0,00;369,00;369,00;0,00;;0,00;2024-07-31;mars;30-10-2024;1;0;;;;;48;;;
44737;42474;2024-03-12;EARL DE VERSAILLE;ARION 650;A9704157;ELARGISSEUR AILE;40H;GARANTIE;404121960;;;36,15;36,15;0,00;18,45;18,45;0,00;;0,00;2024-06-18;mars;17-09-2024;1;0;;;;;49;;;
44738;5720;2024-03-14;ADOUR MOTOCULTURE;ARION 630;A9703194;ISOBUS;160;GARANTIE;404124498;;;;;0,00;184,50;0,00;184,50;;184,50;2024-06-21;;;0;;Bonjour Eric, Comme évoqué à de pultiples reprises au RCA et L3 Experts EASY, les problèmes évoqués dans ta garantie sont de l'ordre d'un problème produits présents depuis les débuts. Celà ne rentre pas dans le cadre technique (problème de performances etc.).;1;;;50;;;
44739;5714;2024-03-14;SCEA DU PONT D'UGNE;ELIOS 210;A4801924;CABLE INVERSEUR;1884H;MAXI CARE;404123047;;;126,51;126,51;0,00;246,00;246,00;0,00;150,00;0,00;2024-07-31;mars;30-10-2024;1;0;;;;;51;;;
44740;5721;2024-03-14;EARL PEPINIERES LACAUSSE;ARION 430;A7304706;BATTERIE;13H;GARANTIE;404126242;;;196,72;196,72;0,00;92,25;92,25;0,00;;0,00;2024-04-09;mars;09-07-2024;1;0;;;;;52;;;
44741;5397-42529;2024-03-14;GAEC LESCLAOUZON;AXION 810;A6100913;FREINS;2770H;PARTICIPATION COMMERCIALE;404124647;;;3685,47;1842,74;1842,73;2851,20;118,80;2732,40;;4575,13;2024-03-22;mars;21-06-2024;1;0;complément remboursement assurance;1;;;53;;;
44742;42473;2024-03-15;EARL DE VERSAILLE;FL150;B9113783;COUPLEUR CHARGEUR;40H;GARANTIE;404125839;;;167,70;167,70;0,00;61,50;61,50;0,00;;0,00;2024-03-22;mars;21-06-2024;1;0;;;;;54;;;
44743;5725;2024-03-15;SCEA DU SUZAN;ROLLANT 520;76006387;PROTECTION CARDAN;1110 BOTTES;GARANTIE;404126379;;;245,75;245,75;0,00;61,50;61,50;0,00;;0,00;2024-04-09;mars;09-07-2024;1;0;;;;;55;;;
44747;42531;2024-03-25;SB PAYSAGE;XERION 4500;78400410;TUYAU HYDRO;2770H;MAXI CARE;404140685;;;73,92;73,92;0,00;369,00;369,00;0,00;;0,00;2024-07-31;mars;30-10-2024;1;0;;;;;56;;;
44753;42537;2024-03-28;ADOUR MOTOCULTURE;ARION 650;A7702378;BOITIER ELECTRONIQUE;3010H;MAXI CARE;404146172;;;3575,39;3575,39;0,00;553,50;553,50;0,00;150,00;0,00;2024-07-31;mars;30-10-2024;1;0;;;;;57;;;
44754;42570;2024-03-28;SARL COUREAU;ARION 450;A5306131;CAPTEUR B228;3411H;MAXI CARE;404146223;;;46,84;46,84;0,00;184,50;184,50;0,00;150,00;0,00;2024-04-22;mars;22-07-2024;1;0;;;;;58;;;
44755;42563;2024-03-29;TPSL;AXION 830;A5103078;FUITE PDF;481H;GARANTIE;404147610;;;62,46;62,46;0,00;953,25;953,25;0,00;;0,00;2024-07-31;mars;30-10-2024;1;0;;;;;59;;;
44757;42508;2024-04-02;CUMA MIESPOSA;ARION 630;A7601866;PEINTURE JANTES AVANTS;2898H;MAXI CARE;404148728;;;489,16;489,16;0,00;276,75;123,00;153,75;150,00;153,75;2024-04-22;avril;22-07-2024;1;0;MO 44,44%;1;;;60;;;
44758;5751;2024-04-05;GAEC LESCLAOUZON;ARION 440;A7302021;VALVES PUSCH PULL;1210H;MAXI CARE;404153624;;;229,50;229,50;0,00;61,50;61,50;0,00;150,00;0,00;2024-04-22;avril;22-07-2024;1;0;;;;;61;;;
44759;5757;2024-04-05;SCEA DU PONT D'UGNE;ELIOS 210;A4801924;CODE E06 TRANSMISSION;4H;GARANTIE;404153674;;;;;0,00;123,00;123,00;0,00;;0,00;2024-07-31;;;0;;;;;;62;;;
44761;42568;2024-04-08;LASSEGUE BAPTISTE;ARION 660;A9703691;CAPTEUR PRESSION B433;105H;GARANTIE;404155953;;;158,40;158,40;0,00;430,50;430,50;0,00;;0,00;2024-04-22;avril;22-07-2024;1;0;;;;;63;;;
44763;42203;2024-04-11;CUMA MIESPOSA;ARION 630;A9703090;REVISION;2893;SOL;404162141;;;;;;;;;;;;;;0;;;;;;64;;;
44764;42621;2024-04-12;SCEA DE MONDENX;AXION 810;A3001490;BOITIER ELECTRONIQUE;4209;GARANTIE PIECES;404161694;;;1763,97;1763,97;0,00;369,00;369,00;0,00;;0,00;2024-06-06;avril;05-09-2024;1;0;;;;;65;;;
44764;42621;2024-04-12;SCEA DE MONDENX;AXION 810;A3001490;BOITIER MOTEUR ;;GARANTIE PIECES;404161694;;;1763,97;1763,97;0,00;369,00;369,00;0,00;;0,00;2024-06-06;avril;05-09-2024;1;0;;;;;66;;;
44765;42623;2024-04-13;CUMA MIESPOSA;ARION 610;A9700800;FUITE ACCU REL AVANT;1657;MAXI CARE;404161729;;;0,12;0,12;0,00;61,50;61,50;0,00;61,62;0,00;2024-04-22;avril;22-07-2024;1;0;;;;;67;;;
44766;42624;2024-04-11;CUMA MIESPOSA;ARION 610;A9700800;FUITE HUILE MOTEUR;1657H;MAXI CARE;404161825;;;5,29;5,29;0,00;61,50;61,50;0,00;66,79;0,00;2024-04-22;avril;22-07-2024;1;0;;;;;68;;;
44767;42625;2024-04-11;EARL DES MONTS;AXION 920;A6400761;CEMIS 1200;1084H;MAXI CARE;404161836;;;;;0,00;246,00;246,00;0,00;;0,00;2024-06-08;;;0;;;;;;69;;;
44769;42277;2024-05-24;FRITSCH JEROME;ARION 420;A7201489;OS 15941;186H;OS;404010332;;;40,46;40,46;0,00;103,95;103,95;0,00;;0,00;2024-06-21;mai;20-09-2024;0;;;;;;70;;;
44771;42229;2024-04-19;EARL MENAOUT;ARION 650;A3701675;JOINT DE CULASSE;2065H;GARANTIE PIECES;404175530;;;279,72;279,72;0,00;2490,75;1968,00;522,75;;522,75;2024-12-02;avril;03-03-2025;1;0;MAIN D'ŒUVRE PARTIEL 32h DE MO + Joint;1;;;71;;;
44772;42643;2024-04-22;MINVELLE CHRISTIAN;ARES 636;CT8230863;CLIM 636;1065H;GARANTIE PIECES;404209290;;;598,18;598,18;0,00;246,00;246,00;0,00;;0,00;2024-07-31;avril;30-10-2024;1;0;;;;;72;;;
44776;42661;2024-04-22;SCEA DE BORDENAVE;ARION 650;A9605952;REV 100H;97h;MOL;404186144;;;398,27;398,27;0,00;270,60;270,60;0,00;;0,00;2024-05-07;avril;06-08-2024;0;;;;;;73;;;
44776;42661;2024-04-22;SCEA DE BORDENAVE;ARION 650;A9605952;REV 100H;97h;SOL;404186144;;;398,27;398,27;0,00;270,60;270,60;0,00;;0,00;2024-05-07;avril;06-08-2024;0;;;;;;74;;;
44778;5787;2024-04-29;CUMA DES GAVES;ROLLANT 540;J0300469;BOURRAGE AMENEUR;3363;INCIDENT;404187504;;;;;;;;;;;;;;0;;;;;;75;;;
44779;42524;2024-04-26;EARL MENAOUT;ARION 650;A3701675;JOINT DE CULASSE;2066H;GARANTIE PIECES;404187679;;;143,72;143,72;0,00;2275,50;1968,00;307,50;;307,50;2024-07-31;avril;30-10-2024;1;0;MAIN D'ŒUVRE PARTIEL 32h DE MO;1;;;76;;;
44780;5781;2024-04-26;LASSEGUE BAPTISTE;ARION 660;A9703691;FUITES D'HUILE;241H;GARANTIE;404189037;;;66,25;66,25;0,00;199,89;199,89;0,00;;0,00;2024-07-31;avril;30-10-2024;1;0;;;;;77;;;
44781;42679;2024-04-26;GPT LASSEGUE ESPERANZA;ARION 850;A5101164;CODE 7cb3;2374H;MAXI CARE;404181201;;;386,53;386,53;0,00;79,95;79,95;0,00;150,00;0,00;2024-05-21;avril;20-08-2024;1;0;;;;;78;;;
44783;42672;2024-05-02;GPT LASSEGUE ESPERANZA;ARION 850;A5101164;JAUGE AD BLUE;2374H;MAXI CARE;404205388;;RETOUR;348,18;348,18;0,00;153,75;153,75;0,00;150,00;0,00;2024-07-05;mai;04-10-2024;1;0;;;1;"  description de la réception ne fait pas référence à une visite ou réparation antérieur
pas de plainte client";79;;;
44784;42680;2024-05-02;GPT LASSEGUE ESPERANZA;ARION 850;A5101164;JOINT TROMPETTE;2374H;MAXI CARE;404205466;;;540,40;540,40;0,00;1306,88;1306,88;0,00;150,00;0,00;2024-07-05;mai;04-10-2024;1;0;;;1;"  description de la réception ne fait pas référence à une visite ou réparation antérieur
pas de plainte client";80;;;
44785;42713;2024-05-02;GPT LASSEGUE ESPERANZA;ARION 850;A5101164;PHARE DE TRAVAIL;2374H;MAXI CARE;404212342;;;51,35;51,35;0,00;61,50;61,50;0,00;112,85;0,00;2024-05-21;mai;20-08-2024;1;0;;;;;81;;;
44786;42714;2024-05-10;GPT LASSEGUE ESPERANZA;ARION 850;A5101164;VERROUILLAGE CAISSE A OUTIL;2374;MAXI CARE;404212420;;;104,98;104,98;0,00;15,38;15,38;0,00;120,36;0,00;2024-06-21;mai;20-09-2024;1;0;;;;;82;;;
44787;5739;2024-05-03;EARL ESPAGNE;SCORPION 741;K3300076;MOTEUR HYDROSTATIQUE;4539;INCIDENT;404204639;;;;;;;;;;;;;;0;;;;;;83;;;
44787;5739;2024-09-03;EARL ESPAGNE;SCORPION 741;K3300076;MOTEUR HYDROSTATIQUE;4539;INCIDENT;404204639;;;;;;;;;;;;;;0;;;;;;84;;;
44788;42715;2024-05-03;GPT LASSEGUE ESPERANZA;ARION 850;A5101164;SUPPORT TELEPHONE;2347H;MAXI CARE;404212461;;;24,35;24,35;0,00;15,38;15,38;0,00;;0,00;2024-05-21;mai;20-08-2024;1;0;;;;;85;;;
44791;5797;2024-05-07;ADOUR MOTOCULTURE;ARION 630;A9703194;ALIM SIEGE;253H;GARANTIE;404209021;;;3,00;3,00;0,00;61,50;61,50;0,00;;0,00;2024-05-21;mai;20-08-2024;1;0;;;;;86;;;
44792;42682;2024-05-10;LASSEGUE BAPTISTE;ARION 660;A9703691;BRUYANCE HYDRO;197H;GARANTIE;404212314;;;279,57;279,57;0,00;61,50;61,50;0,00;;0,00;2024-07-31;mai;30-10-2024;1;0;;;;;87;;;
44799;42780;2024-05-15;SARL LESBARRERE TRAVAUX AGRICOLES;ARION 530;A9401676;FUITE LIQUIDE;72H;GARANTIE;404218359;;;70,62;30,73;39,89;153,75;153,75;0,00;;39,89;2024-05-21;mai;20-08-2024;1;0;;1;;;88;;;
44800;42390-42585;2024-05-15;DUPOUY;AXION 830;A5101639;AXION 830 PONT AVANT ;3378;GARANTIE COMMERCIALE;404218753;;;7537,11;7214,01;323,10;3936,00;3936,00;0,00;;323,10;2024-08-21;mai;20-11-2024;1;0;CONSOMMABLE NON PRIS EN CHARGE;1;;;89;;;
44801;42774;2024-05-15;ADOUR MOTOCULTURE;AXION 830;A5104879;AXION 810 REV 100H;100 H;MOL;404219191;;;564,78;564,78;;123,00;123,00;;;;;mai;;0;;;;;;90;;;
44801;42774;2024-05-15;ADOUR MOTOCULTURE;AXION 830;A5104879;AXION 830 REV 100H;100 H;SOL;404219307;;;;;;;;;;;;;;0;;;;;;91;;;
44802;42610;2024-05-16;MAIRIE ARENGOSSE;ARION 410;A2103522;REVISION 3500H;3575 H;MOL;404220277;;;686,40;686,40;;369,00;369,00;;;;;mai;;0;;;;;;92;;;
44803;42792;2024-05-16;EARL CAPLANNE;ARION 450;A7304093;REVISION 100H;96H;MOL;404220940;;;480,50;480,50;;246,00;246,00;;;;;mai;;0;;;;;;93;;;
44803;42792;2024-05-16;EARL CAPLANNE;ARION 450;A7304093;REVISION 100H;96H;SOL;404220963;;;;;;;;;;;;;;0;;;;;;94;;;
44804;42825;2024-05-17;MAIRIE DE TARTAS;ARION 420;A7303150;REVISION 500H;520 H;MOL;404223037;;;472,23;472,23;;246,00;246,00;;;;;mai;;0;;;;;;95;;;
44804;42825;2024-05-17;MAIRIE DE TARTAS;ARION 420;A7303150;REVISION 500H;520h;SOL;404223071;;;;;;;;;;;;;;0;;;;;;96;;;
44805;42843;2024-07-19;EARL DE VERSAILLE;ARION 650;A9704157;OTS 16008;147;OS;404132092;;;20,17;20,17;0,00;30,75;30,75;0,00;;0,00;2024-07-31;juillet;30-10-2024;0;;;;;;97;;;
44806;42844;2024-07-15;SARL MLE;ARION 630;A9703634;OTS 16008;516;OS;404131968;;;20,17;20,17;0,00;30,75;30,75;0,00;;0,00;2024-07-31;juillet;30-10-2024;0;;;;;;98;;;
44807;42845;2024-08-29;LASSEGUE BAPTISTE;ARION 660;A9703691;OTS 16008;461;OS;404131967;;;20,17;20,17;0,00;30,75;30,75;0,00;;0,00;2024-09-16;août;16-12-2024;0;;;;;;99;;;
44808;42846;2024-08-21;ADOUR MOTOCULTURE;ARION 630;A9703194;OTS 16008;385;OS;404131854;;;20,17;20,17;0,00;30,75;30,75;0,00;;0,00;2024-09-16;août;16-12-2024;0;;;;;;100;;;
44809;42847;2024-06-10;CUMA MIESPOSA;ARION 630;A9703090;OTS 16008;536;OS;404131744;;;20,17;20,17;0,00;30,75;30,75;0,00;;0,00;2024-06-21;juin;20-09-2024;0;;;;;;101;;;
44810;42848;2024-08-06;LYCEE MUGRON;ARION 630;A9702928;OTS 16008;307h;OS;404131297;;;20,17;20,17;0,00;30,75;30,75;0,00;;0,00;2024-09-09;août;09-12-2024;0;;;;;;102;;;
44811;42849;2024-08-01;EARL DE BELICQ;ARION 660;A9702701;OTS 16008;821H;OS;404131295;;;20,17;20,17;0,00;30,75;30,75;0,00;;0,00;2024-09-09;août;09-12-2024;0;;;;;;103;;;
44812;42850;2024-08-01;EARL DOUS AOUCHETS;ARION 650;A9702425;OTS 16008;720H;OS;404131002;;;20,17;20,17;0,00;30,75;30,75;0,00;;0,00;2024-09-09;août;09-12-2024;0;;;;;;104;;;
44813;42851;2024-09-30;SCEA DU PASTOU;ARION 550;A9500647;OTS 16008;1227h;OS;404130575;;;20,17;20,17;0,00;30,75;30,75;0,00;;0,00;2024-10-21;septembre;20-01-2025;0;;;;;;105;;;
44814;42852;2024-06-20;EARL L'ENCATADE;ARION 630;A9701737;OTS 16008;;OS;404130893;;;20,17;20,17;0,00;30,75;30,75;0,00;;0,00;2024-07-05;juin;04-10-2024;0;;;;;;106;;;
44815;42853;2024-08-26;EARL DE LA PLAINE;ARION 650;A9702024;OTS 16008;589;OS;404130814;;;20,17;20,17;0,00;30,75;30,75;0,00;;0,00;2024-09-16;août;16-12-2024;0;;;;;;107;;;
44816;42854;2024-08-21;SCEA DE BORDENAVE;ARION 650;A9605952;OTS 16008;370;OS;404132291;;;19,41;19,41;0,00;30,75;30,75;0,00;;0,00;2024-09-16;août;16-12-2024;0;;;;;;108;;;
44817;42855;2024-08-21;SARL DECES ET CIE;ARION 650;A9605919;OTS 16008;370;OS;404132271;;;20,17;20,17;0,00;30,75;30,75;0,00;;0,00;2024-09-16;août;16-12-2024;0;;;;;;109;;;
44818;42856;2024-06-18;MBB;ARION 630;A9704306;OTS 16008;178;OS;404132234;;;20,17;20,17;0,00;30,75;30,75;0,00;;0,00;2024-06-21;juin;20-09-2024;0;;;;;;110;;;
44819;42782;2024-05-23;DUPOUY;AXION 830 ;A5101639;REV 3500H;3378;MOL;404232136;;;;;;;;;;;;;;0;;;;;;111;;;
44820;42832;2024-10-18;SARL LESBARRERE TRAVAUX AGRICOLES;ARION 530 ;A9401676;REV 100H;100;SOL;404431144;;;258,01;258,01;0,00;270,60;246,00;24,60;;24,60;2024-11-05;octobre;04-02-2025;0;;;1;;;112;;;
44820;42832;2024-10-18;SARL LESBARRERE TRAVAUX AGRICOLES;ARION 530;A9401676;REV 100H;100;MOL;404431211;;;345,89;258,01;;246,00;246,00;;;;;octobre;;0;;;;;;113;;;
44821;42866;2024-05-23;MAIRIE TARTAS ;ARION 420;A7303150;RV 500H;541H;GARANTIE;404232323;;11724141;38,27;38,27;0,00;153,75;153,75;0,00;;0,00;2024-07-31;mai;30-10-2024;1;0;;;;;114;;;
44822;42823;2024-05-24;CUMA MIESPOSA;ARION 610;A9700800;ARION 610;1717H;GARANTIE;404233203;;;;;0,00;369,00;369,00;0,00;150,00;0,00;2024-06-21;;;0;;;;;;115;;;
44823;42842;2024-04-24;ADOUR MOTOCULTURE;ARION 520;A3401603;REV 4700H;4712H;SOL;404233392;;;;;;;;;;;;;;0;;;;;;116;;;
44824;42520;2024-04-24;EARL DE MENAUTON;ARION 620;A3602559;PREPA OCCA+ REV 5000H ;4798H;MOL;404233785;;;;;;;;;;;;;;0;;;;;;117;;;
44825;42901;2024-08-01;SARL AVL SERVICES;AMAZONE UF1602 SUPPER;;DEBITMETRE;430Ha;GARANTIE AMAZONE;T240043660;;;329,25;329,25;0,00;51,00;51,00;0,00;;0,00;2024-08-28;août;27-11-2024;0;;;;;;118;;;
44826;42350;2024-05-30;EARL MENAOUT;ARION 650;A3701675;JOINT DE CULASSE;2065;GARANTIE;404242802;;;130,06;130,06;0,00;2337,00;1968,00;369,00;;369,00;2024-07-31;mai;30-10-2024;1;0;MAIN D'ŒUVRE PARTIEL 32h DE MO;1;;;119;;;
44827;42829;2024-05-30;EARL CAPLANNE;ARION 450 ;A7304093;CAPTEUR DIRECTION;135;GARANTIE;404242969;;;280,71;280,71;0,00;92,35;92,35;0,00;;0,00;2024-06-06;mai;05-09-2024;1;0;;;1;"mesure de diagnostic ne sont pas indiqué
CDS à la fin de la réparation";120;;;
44828;5839;2024-06-03;SCEA DU PONT D'UGNE;ELIOS 210;A4801924;CONTACTEUR FREIN A MAIN;106H;GARANTIE;404249085;;;;;0,00;30,75;30,75;0,00;;0,00;2024-06-21;;;0;;;;;;121;;;
44829;5824;2024-06-03;SCEA DU PONT D'UGNE;ELIOS 210;A4801924;REVISION 100H;106H;MOL;404249167;;;;;;;;;;;;;;0;;;;;;122;;;
44829;5824;2024-06-03;SCEA DU PONT D'UGNE;ELIOS 210;A4801924;REVISION 100H;106H;SOL;404249156;;;;;;;;;;;;;;0;;;;;;123;;;
44830;5840;2024-06-03;SCEA DU PONT D'UGNE;ELIOS 210;A4801924;REGLAGE EMBRAYAGE;107H;GARANTIE;404249271;;;;;0,00;107,63;107,63;0,00;;0,00;2024-09-09;;;0;;;;;;124;;;
44831;5833;2024-06-03;LOUSTAUNEAU ALEXANDRE;ARION 630;A9703194;RACCORD COUDE;275H;GARANTIE;404249428;;;7,02;7,02;0,00;61,50;61,50;0,00;;0,00;2024-06-21;juin;20-09-2024;1;0;;;;;125;;;
44832;5823;2024-06-03;LASSEGUE BAPTISTE;ARION 660;A9703691;COUVERCLE RELEVAGE;350H;GARANTIE;404249823;;;104,79;104,79;0,00;1814,25;1476,00;338,25;;338,25;2024-08-21;juin;20-11-2024;1;0;81,36 de MO prise en charge;1;1;"réparation insuffisamment justifiée par le tech
pas de plainte client";126;;;
44833;5752;2024-06-04;CUMA LA CIGALE ;TONNE MAUGUIN;;BRAS DE POMPAGE;388 Tonnes;GARANTIE MAUGUIN;MAUGUIN;;;;;0,00;;;0,00;;0,00;2024-06-30;;;0;;;;;;127;;;
44834;42831;2024-06-04;COMMUNAUTE DE COMMUNE GRAND DAX;ARION 420;A7303001;CAPTEUR PRESSION Z202;506H;GARANTIE;404250801;;;39,12;39,12;0,00;153,75;153,75;0,00;;0,00;2024-08-21;juin;20-11-2024;1;0;;;;;128;;;
44835;42918;2024-06-06;SARL LESBARRERE TRAVAUX AGRICOLES;AXION 850;A5000342;PONT AVANT;1565H;GARANTIE;;;;;;0,00;;;0,00;;0,00;2024-06-06;;;0;;;;;;129;;;
44836;5767;2024-06-06;EARL ESPAGNE;CHARRUE MASCHIO;;BOITIER RETOURNEMENT;;GARANTIE MASHIO;201043-20240607155012;;;586,92;586,92;0,00;98,00;78,00;20,00;;20,00;2024-06-20;juin;19-09-2024;0;;MAIN D'ŒUVRE A 39€;1;;;130;;;
44837;42666;2024-07-10;SCEA LES LAURIERS;PRECEA;;GALET SELECTEURS;554;GARANTIE AMAZONE;T240039542;;;146,86;146,86;0,00;;;0,00;;0,00;2024-08-02;juillet;01-11-2024;0;;;;;;131;;;
44838;42701;2024-06-06;POUTOIRE LUCAS;PRECEA;;GALET SELECTEURS;493Ha/89H;GARANTIE AMAZONE;T240043706;;;125,88;125,88;0,00;;;0,00;;0,00;2024-08-23;juin;22-11-2024;0;;;;;;132;;;
44839;42700;2024-06-06;EARL DE LA LANERE;PRECEA;;GALET SELECTEURS;;GARANTIE AMAZONE;T240043682;;;146,86;146,86;0,00;;;0,00;;0,00;2024-08-23;juin;22-11-2024;0;;;;;;133;;;
44840;42920;2024-07-09;EARL DE GRACIANDON;PRECEA;;GALET SELECTEURS;574;GARANTIE AMAZONE;T240039092;;;146,86;146,86;0,00;;;0,00;;0,00;2024-08-23;juillet;22-11-2024;0;;;;;;134;;;
44841;42835;2024-06-07;FORESTIERE LAPEGUE;XERION 5000;78410241;REV 100H;220H;MOL CLAAS LOCATION;404269432;;;934,31;934,31;0,00;341,33;341,33;0,00;;0,00;2024-07-05;juin;04-10-2024;0;;;;;;135;;;
44841;42835;2024-06-07;FORESTIERE LAPEGUE;XERION 5000;78410241;REV 100H;220H;SOL CLAAS LOCATION;404269477;;;;;;;;;;;;;;0;;;;;;136;;;
44842;42827;2024-06-10;EARL DE BIRAN;HERSE MASCHIO 5000;;FUITE HYDRO BOITIER PRINCIPAL;46;GARANTIE MASHIO;201043-20240610095624;;;1387,75;1387,75;0,00;98,00;78,00;20,00;;20,00;2024-07-19;juin;18-10-2024;0;;MAIN D'ŒUVRE A 39€;1;;;137;;;
44843;42807;2024-06-10;EARL DE DAISY;HERSE MASCHIO 6000;;FUITE TRAPPE GAUCHE;30;GARANTIE MASHIO;201043-20240610141551;;;25,74;25,74;0,00;171,50;136,50;35,00;;35,00;2024-06-20;juin;19-09-2024;0;;MAIN D'ŒUVRE A 39€;1;;;138;;;
44844;42886;2024-06-10;EARL DONAGRI;CUVE FRONTALE AMAZONE;;DEBITMETRE ENGRAIS;135;GARANTIE AMAZONE;T240033700;;;1282,00;1282,00;0,00;306,00;306,00;0,00;;0,00;2024-08-02;juin;01-11-2024;0;;;;;;139;;;
44845;42935;2024-06-10;EARL DE COSTEMALE;ARION 610;A7702325;TURBO + COMPRESSEUR;2414H;MAXI CARE;404272710;;;4167,40;4167,40;0,00;830,25;615,00;215,25;;215,25;2024-08-21;juin;20-11-2024;1;0;75% de la MO;1;;;140;;;
44846;42796;2024-06-10;GAEC DE SAOUT ;CHARRUE KAYROS;;USURE;270Ha;INCIDENT;T240033371;;;;;;;;;;;;;;0;;;;;;141;;;
44847;5775;2024-06-12;BOSAGRI;SCORPION 741 VP STAGE V;K3500970;GRAISSEUR TABLIER;505;GARANTIE;404275290;;;16,49;16,49;0,00;123,00;123,00;0,00;;0,00;2024-06-21;juin;20-09-2024;1;0;;;;;142;;;
44848;5825;2024-06-12;BOSAGRI;SCORPION 741 VP STAGE V;K3500970;REV 500H;505;SOL;404275091;;;;;;;;;;;;;;0;;;;;;143;;;
44849;5858;2024-06-12;EARL LOUSTAOU DU CHENES;ARION 550;A7501150;DISTRIBUTEUR RELEVAGE AVANT;1111;MAXI CARE;404275408;;11742620;879,34;879,34;0,00;138,38;138,38;0,00;;0,00;2024-09-09;juin;09-12-2024;1;0;;;;;144;;;
44850;5848;2024-06-13;ADOUR MOTOCULTURE;ARION 650 EX LASSEGUE;A7702378;FUITE GASOIL;3160;MAXI CARE;404275572;;;177,21;177,21;0,00;199,88;199,88;0,00;;0,00;2024-06-19;juin;18-09-2024;1;0;;;;;145;;;
44851;5849;2024-06-13;ADOUR MOTOCULTURE;ARION 650 EX LASSEGUE;A7702378;SILENT BLOC CABINE;3165;MAXI CARE;404276174;;;146,50;146,50;0,00;184,50;184,50;0,00;;0,00;2024-08-21;juin;20-11-2024;1;0;;;;;146;;;
44852;42983;2024-08-29;ADOUR MOTOCULTURE;AXION 830;A5104879;OS 16140;359;OS;404275173;;;;;0,00;92,25;92,25;0,00;;0,00;2024-09-16;;;0;;;;;;147;;;
44853;42984;2024-06-18;MBB;ARION 630;A9704306;OS 16140;178;OS;404275174;;;;;0,00;92,25;92,25;0,00;;0,00;2024-06-21;;;0;;;;1;ok;148;;;
44854;42985;2024-08-21;SARL DECES ET CIE;ARION 650;A9605919;OS 16140;370;OS;404275209;;;;;0,00;92,25;92,25;0,00;;0,00;2024-09-16;;;0;;;;;;149;;;
44855;42986;2024-08-21;SCEA DE BORDENAVE;ARION 650;A9605952;OS 16140;371;OS;404275242;;;;;0,00;92,25;92,25;0,00;;0,00;2024-09-16;;;0;;;;;;150;;;
44856;42987;2024-09-16;FORESTIERE LAPEGUE;XERION 5000;78410241;OS 16154;702;OS;404276190;;;234,71;234,71;0,00;322,88;322,88;0,00;;0,00;2024-10-21;septembre;20-01-2025;0;;;;;;151;;;
44857;42919;2024-06-17;CUMA MIESPOSA;ARION 630;A9703090;REV 500H;592;MOL;404278317;;;;;;;;;;;;;;0;;;;;;152;;;
44858;42939;2024-06-14;EARL POUPON;PRECEA;;MOTEUR ELEMENT SEMEUR 7;250;GARANTIE AMAZONE;T240034549;;;248,15;248,15;0,00;102,00;102,00;0,00;;0,00;2024-08-02;juin;01-11-2024;0;;;;;;153;;;
44859;42881;2024-06-18;MONET JEAN PIERRE;ARION 630;A7601866;STABILISATEUR;3041H;GARANTIE PIECES;404280293;;;137,88;137,88;0,00;30,75;30,75;0,00;;0,00;2024-08-21;juin;20-11-2024;1;0;;;;;154;;;
44860;42964;2024-06-19;EARL L'ENCATADE;ARION 630;A9701737;REV 1000H;978;MOL;404287053;;;;;;;;;;;;;;0;;;;;;155;;;
44861;42957;2024-06-20;EARL CAPLANNE;ARION 450;A7304093;FUITE D'HUILE;229;INCIDENT;404288092;;;;;;;;;;;;;;0;;;;;;156;;;
44861;42957;2024-06-28;EARL CAPLANNE;ARION 450;A7304093;FUITE D'HUILE;229;GARANTIE;404288092;;21793192;129,31;129,31;0,00;2183,25;2183,25;0,00;;0,00;2024-08-21;juin;20-11-2024;1;0;;;;;157;;;
44862;42978;2024-06-20;EARL CAPLANNE;ARION 450;A7304093;OS 15940;220;OS;404104834;;;61,50;61,50;0,00;363,84;363,84;0,00;;0,00;2024-09-09;juin;09-12-2024;0;;;;1;ok;158;;;
44862;42978;2024-06-28;EARL CAPLANNE;ARION 450;A7304093;OS 15940;229;OS;404104834;;;363,84;363,84;0,00;61,50;61,50;0,00;;0,00;2024-09-09;juin;09-12-2024;0;;;;1;ok;159;;;
44863;43000;2024-07-05;EARL CAPLANNE;ARION 450;A7304093;CAPTEUR D'ANGLE;229;GARANTIE;404295223;;;843,08;843,08;0,00;1291,50;1291,50;0,00;;0,00;2024-08-21;juillet;20-11-2024;1;0;;;;;160;;;
44864;42707;2024-08-05;MAIRIE DE BEGAAR;ARION 450;A4301117;CARTER DU PONT;5458;PARTICIPATION COMMERCIALE;404346117;;;3903,34;3903,34;0,00;;;0,00;;0,00;2024-08-21;août;20-11-2024;1;0;;;1;"description de la réception
Pas de plainte client";161;;;
44865;43035;2024-06-28;LABAT ALAIN;ARION 530;A9400308;OS 16002;1720;OS;404063761;;;;;0,00;169,13;169,13;0,00;;0,00;2024-07-05;;;0;;;;1;ok;162;;;
44866;42779;2024-06-21;EARL DE BOUHETTE;ARION 430;A4303785;REV 3500H + PREPA OCCA;3397;MOL;404286771;;;;;;;;;;;;;;0;;;;;;163;;;
44867;42903;2024-08-02;AVL SERVICE;UF 16002;;VANNE REGULATION;430HA;GARANTIE AMAZONE;T240043670;;;379,01;379,01;0,00;102,00;102,00;0,00;;0,00;2024-08-23;août;22-11-2024;0;;;;;;164;;;
44868;42946;2024-06-21;COUVOIR DE LA HAUTE CHALOSSE;ARION 450;;PONT AVANT;493;GARANTIE;404287324;;;123,84;123,84;0,00;123,00;123,00;0,00;;0,00;2024-07-05;juin;04-10-2024;1;0;;;;;165;;;
44869;42965;2024-06-21;EARL DOUS AOUCHETS;ARION 460;A5305319;PRISE DE FORCE;1454;GARANTIE COMMERCIALE;404287269;;;39,18;0,00;39,18;92,25;0,00;92,25;;131,43;2024-07-31;juin;30-10-2024;1;0;GARANTIE COMMERCIALE;1;;;166;;;
44870;42973;2024-06-24;SCEA ESPERANZA;TREMI FRONTALE;;MODULE;8HA;GARANTIE AMAZONE;T240035960;;NI257;2008,81;2008,81;0,00;357,00;357,00;0,00;;0,00;2024-08-28;juin;27-11-2024;0;;;;;;167;;;
44871;43045-5874;2024-06-24;MBB;ARION 630 CUMA POEY OLORON;A9703472;OS 15992;408;OS;404036945;;;;;0,00;118,80;118,80;0,00;;0,00;2024-07-05;;;0;;;;1;ok;168;;;
44872;5832;2024-06-25;GPT LASSEGUE ESPERANZA;AXION 850;A5101164;FUITE HYDRO COTE GAUCHE;2555;MAXI CARE;404290207;;;345,40;345,40;0,00;584,25;584,25;0,00;150,00;0,00;2024-08-21;juin;20-11-2024;1;0;;;;;169;;;
44873;;2024-06-26;AMAZONE PIECES;FOND DE TREMIS;;;;GARANTIE AMAZONE;T240036610;;;35,00;35,00;0,00;;;0,00;;0,00;2024-07-11;juin;10-10-2024;0;;;;;;170;;;
44874;42626;2024-06-27;BOSAGRI;PANTERA 4504;;RAMPES DISTANCE CONTROL;2043ha;GARANTIE AMAZONE;T240036912;;;247,80;247,80;0,00;2091,00;2091,00;0,00;;0,00;2024-07-11;juin;10-10-2024;0;;;;;;171;;;
44875;42979;2024-06-28;EARL DOUS AOUCHETS;ARION 460;A5305319;COUPLEUR HYDRAULIQUE;1504;GARANTIE COMMERCIALE;404295028;;;454,80;272,88;181,92;61,50;61,50;0,00;;181,92;2024-07-31;juin;30-10-2024;1;0;Pièces 75%;1;1;ok;172;;;
44876;5756;2024-07-03;GAEC LESCLAOUZON;AXION 810;A6100913;BOITE DE VITESSE;3429;GARANTIE COMMERCIALE;404299343;;;640,49;0,00;640,49;615,00;615,00;0,00;;640,49;2024-09-10;juillet;10-12-2024;1;0;;1;;;173;;;
44877;5878;2024-07-03;GAEC LESCLAOUZON;ARION 440;A7302021;COUPLEUR HYDRAULIQUE VERT;1469;MAXI CARE;404300045;;;229,50;229,50;0,00;30,75;30,75;0,00;110,74;0,00;2024-09-10;juillet;10-12-2024;1;0;;;;;174;;;
44878;5882;2024-07-03;GAEC LESCLAOUZON;ARION 440;A7302021;INVERSEUR VIOLENT;1469;MAXI CARE;404300069;;;;;0,00;46,13;46,13;0,00;46,13;0,00;2024-09-09;;;0;;;;;;175;;;
44879;5883;2024-07-03;GAEC LESCLAOUZON;ARION 440;A7302021;DISTRIBUTEUR MARRON;1469;MAXI CARE;404300104;;;;;0,00;46,13;46,13;0,00;19,63;0,00;2024-09-09;;;0;;;;;;176;;;
44880;5884;2024-07-03;GAEC LESCLAOUZON;ARION 440;A7302021;ESSUIE GLACE;1469;MAXI CARE;404300122;;;;;0,00;46,13;46,13;0,00;19,63;0,00;2024-09-09;;;0;;;;;;177;;;
44881;5875;2024-07-04;SCEA DU PONT D'UGNE;ELIOS 210;A4801924;INVERSEUR TROP LENT;170;GARANTIE;404301111;;;;;0,00;92,25;92,25;0,00;;0,00;2024-09-09;;;0;;;;;;178;;;
44882;43020;2024-07-05;CAMPING D'ALBRET;ELIOS 210;;NOTICE UTILISATEUR ET CARNET D'ENTRETIEN;0;GARANTIE;404302570;;;43,87;43,87;0,00;;;0,00;;0,00;2024-07-31;juillet;30-10-2024;1;0;;;;;179;;;
44883;43072;2024-07-09;BESSET PASCAL;ARION 450;A7301985;REV 2400H ;1537;MOL;404309618;;;753,83;753,83;;553,50;553,50;;;;;juillet;;0;;;;;;180;;;
44884;42841;2024-07-05;EARL DE DOUE;PRECEA;;GOUPILLON;;GARANTIE AMAZONE;T240038625;;;3,46;3,46;0,00;;;0,00;;0,00;2024-08-23;juillet;22-11-2024;0;;;;;;181;;;
44885;43079;2024-07-09;EARL GRACIANDON;PRECEA;;MOTEUR HYDRAULIQUE TURBINE;574Ha;GARANTIE AMAZONE;T240039348;;;458,09;458,09;0,00;;;0,00;;0,00;2024-08-02;juillet;01-11-2024;0;;;;;;182;;;
44886;42911;2024-07-09;EARL DE PIQUETTE;PRECEA 4500;;MOTEUR ELEMENT SEMEUR;178Ha;GARANTIE AMAZONE;T240039118;;;1142,24;1142,24;0,00;;;0,00;;0,00;2024-08-02;juillet;01-11-2024;0;;;;;;183;;;
44887;42130;2024-07-10;BESSET PASCAL;ARION 450;A7301985;OTS 15806;1537;OS;403833384;;;81,20;81,20;0,00;86,13;86,13;0,00;;0,00;2024-07-23;juillet;22-10-2024;0;;;;;;184;;;
44888;;;;;;;;;;;;;;;;;;;;;;;0;;;;;;185;;;
44889;42857;2024-07-10;DONAGRI;PRECEA 6000;;CANULE;130ha;GARANTIE AMAZONE;T240039570;;;463,16;463,16;0,00;51,00;51,00;0,00;;0,00;2024-08-02;juillet;01-11-2024;0;;;;;;186;;;
44890;42734;2024-07-11;CUMA MOUSTACHON;UF 1302;;AMATRON 4;43ha;GARANTIE AMAZONE;T240039672;;;1940,70;1940,70;0,00;;;0,00;;0,00;2024-08-28;juillet;27-11-2024;0;;;;;;187;;;
44891;43023;2024-07-16;EARL DES MONTS;ARION 630;A9601701;REV 2500h;2270;MOL;404319199;;;;;;;;;;;;;;0;;;;;;188;;;
44892;43139;2024-07-15;SARL MLE;ARION 630;A9703634;REV 500h;516;SOL;404317534;;;333,09;;;319,80;;;;;;juillet;;0;;;;;;189;;;
44892;43139;2024-07-15;SARL MLE;ARION 630;A9703634;REV 500h;516;MOL;404317397;;;484,31;484,31;0,00;319,80;319,80;0,00;;0,00;2024-07-31;juillet;30-10-2024;0;;;;;;190;;;
44893;42603;2024-07-16;GPT EARL BIENVENUE - EARL MARLUS;ZAV 3200;;AFFICHEUR;303ha;GARANTIE AMAZONE;T240044371;;;503,65;503,65;0,00;816,00;816,00;0,00;;0,00;2024-08-28;juillet;27-11-2024;0;;;;;;191;;;
44894;42885;2024-07-16;DONAGRI;PRECEA 6000;;SUPPORT DE ROUE;301;GARANTIE AMAZONE;T240040539;;;45,38;45,38;0,00;459,00;459,00;0,00;;0,00;2024-08-02;juillet;01-11-2024;0;;;;;;192;;;
44895;42910;2024-07-16;DONAGRI;PRECEA 6000;;ROUE DE JAUGE;301;GARANTIE AMAZONE;T240040556;;;17,48;17,48;0,00;102,00;102,00;0,00;;0,00;2024-08-02;juillet;01-11-2024;0;;;;;;193;;;
44896;42991;2024-07-16;DONAGRI;PRECEA 6000;;SOCS ELEMENT SEMEURS;301;GARANTIE AMAZONE;T240040581;;;2907,20;2907,20;0,00;204,00;204,00;0,00;;0,00;2024-08-02;juillet;01-11-2024;0;;;;;;194;;;
44897;43111;2024-07-17;DONAGRI;PRECEA 6000;;DISQUE ENFOUISSEUR;301;GARANTIE AMAZONE;T240040626;;;37,11;0,00;37,11;51,00;0,00;51,00;;88,11;2024-08-22;juillet;21-11-2024;0;;ERREUR DE DECLARATION;1;;;195;;;
44898;43041;2024-07-17;DONAGRI;CUVE FRONTALE AMAZONE;;BUSE ENGRAIS;352;GARANTIE AMAZONE;T240040670;;;112,67;112,67;0,00;153,00;153,00;0,00;;0,00;2024-08-02;juillet;01-11-2024;0;;;;;;196;;;
44899;43134;2024-07-17;COMMUNAUTE DE COMMUNE GRAND DAX;ARION 420;A7303001;REV 500H;666;MOL;404321774;;;;;;;;;;;;;;0;;;;;;197;;;
44900;42168;2024-07-17;DAGES JEAN MARC;ARION 450;;REV 600H;703;MOL;404322072;;;;;;;;;;;;;;0;;;;;;198;;;
44901;43162;2024-07-19;EARL DE VERSAILLE;ARION 650;A9704157;REV 100H;147;MOL;404324242;;;;;;;;;;;;;;0;;;;;;199;;;
44902;43190;2024-07-22;DONAGRI;PRECEA 6000;;ROUE CREUSE;301HA;GARANTIE AMAZONE;T240041550;;;552,64;552,64;0,00;;;0,00;;0,00;2024-08-02;juillet;01-11-2024;0;;;;;;200;;;
44903;43053;2024-07-30;EARL LE BELICQ;ARION 660;A9702701;SIEGE;821h;MAXI CARE;404338545;;;102,38;102,38;0,00;430,50;307,50;123,00;;123,00;2024-10-16;juillet;15-01-2025;1;0;MAIN D'ŒUVRE 71,43%;1;;;201;;;
44904;43152;2024-07-30;SCEA ESPERANZA ;TREMI FRONTALE;;JOINTS TURBINE;167;GARANTIE AMAZONE;T240043001;;;176,06;176,06;0,00;51,00;51,00;0,00;;0,00;2024-08-28;juillet;27-11-2024;0;;;;;;202;;;
44905;43201;2024-07-30;COMMUNAUTE DE COMMUNE GRAND DAX;ARION 420M;A7303001;PRISE HYDRAULIQUE;677H;MAXI CARE;404338674;;;91,80;91,80;0,00;61,50;61,50;0,00;;0,00;2024-09-10;juillet;10-12-2024;1;0;;;1;ok;203;;;
44906;5918;2024-07-30;CUMA DES GAVES;ROLLANT 520;76007597;FUSIBLE;362 Bottes;GARANTIE;404344145;;;246,00;246,00;0,00;0,49;0,49;0,00;;0,00;2024-08-21;juillet;20-11-2024;1;0;;;1;la description de la réception n'est pas suffisamment détaillé;204;;;
44907;43129;2024-07-30;CUMA MIESPOSA;ARION 630;A9703090;SIEGE;658;GARANTIE;404341696;;;238,22;238,22;0,00;123,00;123,00;0,00;;0,00;2024-08-21;juillet;20-11-2024;1;0;;;1;"Pas de plainte client
Pas de rapport technicien";205;;;
44908;43165;2024-08-01;ADOUR MOTOCULTURE;ARION 650 EX LASSEGUE;A7702378;REV 3250;3250;MOL;404341257;;;453,37;;;307,50;;;;;;août;;0;;;;;;206;;;
44909;5863-43247;2024-07-31;EARL PEPINIERES LACAUSSE;ARION 430;A7304706;REV 100H;148h;MOL;404340542;;;390,74;;;;;;;;;juillet;;0;;;;;;207;;;
44910;43037;2024-07-31;EARL CAPLANNE;ARION 450;A7304093;CAPTEUR ANGULAIRE;294;GARANTIE;404340014;;;340,96;340,96;0,00;615,00;615,00;0,00;;0,00;2024-09-10;juillet;10-12-2024;1;0;;;;;208;;;
44911;43240;2024-07-31;ADOUR MOTOCULTURE;ARION 430 LYCEE MUCRON;A7303536;REV 12 MOIS;229H;MOL;404340283;;;;;;;;;;;;;;0;;;;;;209;;;
44912;43238;2024-07-31;ADOUR MOTOCULTURE;ARION 630 LYCEE MUCRON;A9702928;REV 12 MOIS;298H;MOL;404340290;;;;;;;;;;;;;;0;;;;;;210;;;
44913;43141;2024-08-01;DONAGRI;PRECEA 6000;;MOTEUR HYDRAULIQUE TURBINE;301Ha;GARANTIE AMAZONE;T240043523;;;586,46;586,46;0,00;153,00;153,00;0,00;;0,00;2024-08-28;août;27-11-2024;0;;;;;;211;;;
44914;5926;2024-08-30;CLAIRANT PATRICIA;ARION 420;A7201569;AD BLUE;576;GARANTIE;404376224;;;;;0,00;123,00;123,00;0,00;123,00;0,00;2024-09-18;;;0;;;;;;212;;;
44915;43241;2024-08-05;TPSL;AXION 830;A5103078;PDF AVANT;648;MAXI CARE;404344714;;;997,23;997,23;0,00;738,00;738,00;0,00;150,00;0,00;2024-09-10;août;10-12-2024;1;0;;;1;date réparation;213;;;
44916;43233;2024-08-06;SCEA DE BORDENAVE;ARION 650;A9605952;MANCHON PRISE DE FORCE;352;GARANTIE;404347447;;11070760;91,30;91,30;0,00;61,50;61,50;0,00;;0,00;2024-08-21;août;20-11-2024;1;0;;;;;214;;;
44917;43220;2024-08-07;SARL LESBARRERE TRAVAUX AGRICOLES;ARION 530 LOCATION;A9401676;PRISE DE FORCE ECO;352h;GARANTIE;404347735;;11620140;61,50;61,50;0,00;615,00;615,00;0,00;;0,00;2024-09-18;août;18-12-2024;1;0;;;1;"Pas de plainte client
Pas de rapport technicien";215;;;
44918;43252;2024-08-07;MAIRIE DE CARCARES ST CROIX;ARION 420M;A7305353;SUSPENSION ET  4RM;103H;GARANTIE;404347764;;;;;0,00;123,00;123,00;0,00;;0,00;2024-09-09;;;0;;;;1;rapport du tech n'identifie pas la nature de la panne;216;;;
44919;43250;2024-08-07;MAIRIE DE CARCARES ST CROIX;ARION 420M;A7305353;REVISION 100H;103h;MOL;404347996;;;265,92;;;184,50;;;;;;août;;0;;;;;;217;;;
44919;43250;2024-08-07;MAIRIE DE CARCARES ST CROIX;ARION 420M;A7305353;REVISION 100H;103;SOL;404348054;;;;;;;;;;;;;;0;;;;;;218;;;
44920;43148;2024-08-07;LAMARQUE JEAN JACQUES;ARION 410;A5203785;REVISION 1000H;1065H;MOL;404348121;;;708,68;;;246,00;;;;;;août;;0;;;;;;219;;;
44921;43168;2024-08-07;EARL DE PIQUETTE;PRECEA 4500;;SUITE GARANTIE MOTEUR SEMEUR;227ha/59h;GARANTIE AMAZONE;T240044386;;;;;0,00;204,00;204,00;0,00;;0,00;2024-08-23;;;0;;;;;;220;;;
44922;43222;2024-08-08;EARL POUPON;ARION 510;;CAPTEUR D'ANGLE;1037 h;GARANTIE;404349901;;;445,01;445,01;0,00;61,50;61,50;0,00;;0,00;2024-10-16;août;15-01-2025;1;0;;;;;221;;;
44923;43055;2024-08-08;CUMA DES 3 VILLAGES;FAUCHEUSE DISCO 3600;F8203808;ASSIETE ET CARDAN;158HA;INCIDENT;404350090;;;;;;;;;;;;;;0;;;;;;222;;;
44923;43055;2024-08-09;CUMA DES 3 VILLAGES;FAUCHEUSE DISCO 3600;F8203808;ASSIETE ET CARDAN;268ha;GARANTIE COMMERCIALE;404350090;;;539,29;539,29;0,00;153,75;153,75;0,00;;0,00;2024-09-10;août;10-12-2024;1;0;;;1;rapport du tech n'identifie pas la nature de la panne;223;;;
44924;43284;2024-09-03;EARL DES MONTS;AXION 920;A6400761;TURBO;1697;MAXI CARE;404369857;;;9995,90;9995,90;0,00;830,25;830,25;0,00;150,00;0,00;2024-12-18;septembre;19-03-2025;1;0;;;;;224;;;
44925;5940;2024-12-03;CUMA DES GAVES;ROLLANT 520;76007597;OT 16257;362 Bottes;OS;404361600;;;2,80;2,80;0,00;123,00;123,00;0,00;;0,00;2024-12-18;décembre;19-03-2025;0;;;;;;225;;;
44926;43269;2024-08-26;EARL POUPON;ARION 610;A7702203;REV 1600H;1692;MOL;404370165;;;;;;;;;;;;;;0;;;;;;226;;;
44927;43274;2024-08-26;EARL POUPON;ARION 610;A7702203;CAPTEUR B117;1692;MAXI CARE;404370504;;;445,01;445,01;0,00;61,50;61,50;0,00;133,76;0,00;2024-09-10;août;10-12-2024;1;0;;;1;"rapport du tech n'identifie pas la nature de la panne
mesure de diagnostic 
Rapport technicien n'identifie par la nature de l'anomalie";227;;;
44928;43289;2024-08-26;EARL POUPON;ARION 610;A7702203;PONT AVANT;1693;MAXI CARE;404370536;;;;;0,00;61,50;61,50;0,00;16,24;0,00;2024-09-16;;;0;;;;;;228;;;
44929;43234;2024-08-26;SCEA DE BOUHETTE;ARION 620;A3608308;REV 3613H;3613;MOL;404371009;;;;;;;;;;;;;;0;;;;;;229;;;
44930;43290;2024-08-29;EARL ESPAGNE;ARION 630;A9703194;CODE ERREUR 7623;1057;MAXI CARE;404374427;;;125,20;125,20;0,00;123,00;123,00;0,00;150,00;0,00;2024-09-10;août;10-12-2024;1;0;;;1;"L'ordre de réparation n'a pas été pointé
Pas de MO lors de la pose de la pièce de remplacement";230;;;
44931;43315;2024-09-06;COMMUNAUTE DE COMMUNE GRAND DAX;ARION 420M;A2105960;REV 13000H;12805;MOL;404385134;;;;;;;;;;;;;;0;;;;;;231;;;
44932;43316;2024-09-06;COMMUNAUTE DE COMMUNE GRAND DAX;ARION 420M;A2109698;REV 10500H;10530;MOL;404385209;;;;;;;;;;;;;;0;;;;;;232;;;
44933;43320;2024-09-06;COMMUNAUTE DE COMMUNE GRAND DAX;ARION 420M;A7300398;REV 3000H;3072;MOL;404385261;;;;;;;;;;;;;;0;;;;;;233;;;
44934;43326;2024-09-06;COMMUNAUTE DE COMMUNE GRAND DAX;ARION 430;A5304004;REV3600H;3688;MOL;404385354;;;;;;;;;;;;;;0;;;;;;234;;;
44935;5952;2024-09-20;FORESTIERE LAPEGUE;XERION 5000;78410241;BOITE DE TRANSFERT;701;INCIDENT;404392895;;;284,12;284,12;;2383,13;1845,00;;;;;septembre;;0;;;;;;235;;;
44935;5952;2024-09-20;FORESTIERE LAPEGUE;XERION 5000;78410241;BOITE DE TRANSFERT;701;GARANTIE;404392895;;;284,12;284,12;0,00;2383,13;1845,00;538,13;;538,13;2024-12-02;septembre;03-03-2025;1;0;30h payé sur 38,75h;1;;;236;;;
44936;5954;2024-09-13;FORESTIERE LAPEGUE;XERION 5000;78410241;FUITE LIQUIDE DE REFROIDISSEMENT;701;INCIDENT;404393319;;;;;;;;;;;;;;0;;;;;;237;;;
44936;5954;2024-09-20;FORESTIERE LAPEGUE;XERION 5000;78410241;FUITE LIQUIDE DE REFROIDISSEMENT;701;GARANTIE;404393319;;;192,97;192,97;0,00;61,50;61,50;0,00;;0,00;2024-10-16;septembre;15-01-2025;1;0;;;;;238;;;
44937;5955;2024-09-13;FORESTIERE LAPEGUE;XERION 5000;78410241;DURITE D'AIR;701;INCIDENT;404393448;;;;;;;;;;;;;;0;;;;;;239;;;
44937;5955;2024-09-20;FORESTIERE LAPEGUE;XERION 5000;78410241;DURITE D'AIR;701;GARANTIE;404393448;;;39,69;39,69;0,00;76,88;76,88;0,00;;0,00;2024-10-16;septembre;15-01-2025;1;0;;;;;240;;;
44938;43151;2024-09-18;CUMA MOUSTACHON;UF 1302;;AMATRON 4;632ha;GARANTIE AMAZONE;T240052211;;;3680,96;3680,96;0,00;51,00;51,00;0,00;;0,00;2025-03-05;septembre;04-06-2025;0;;;;;;241;;;
44939;43400;2024-09-19;ADOUR MOTOCULTURE;AMAZONE CIRUS DEMO;;ROUE;110;GARANTIE AMAZONE;T240054039;;;1092,92;1092,92;0,00;25,50;25,50;0,00;;0,00;2024-10-09;septembre;08-01-2025;0;;;;;;242;;;
44940;43342;2024-09-20;EARL LE BELICQ;ARION 660;A9702701;CODE ERREUR 7F4E ;834;MAXI CARE;404403755;;;;;0,00;184,50;184,50;0,00;;0,00;2024-10-21;;;0;;;;;;243;;;
44941;43309;2024-09-20;SCEA DU GRAND HITTE;AXION 800;;COMPRESSEUR D'AIR;4824;GARANTIE PIECES;404399842;;;968,80;968,80;0,00;184,50;184,50;0,00;;0,00;2024-11-14;septembre;13-02-2025;1;0;;;;;244;;;
44942;43410;2024-09-23;EARL DE COSTEMALE;ARION 610;A7702325;REV 2500H;2524;MOL;404402076;;;;;;;;;;;;;;0;;;;;;245;;;
44942;43410;2024-09-23;EARL DE COSTEMALE;ARION 610;A7702325;REV 2500H;2524;SOL;404402102;;;;;;;;;;;;;;0;;;;;;246;;;
44943;43447;2024-09-24;SARL LESBARRERE TRAVAUX AGRICOLES;AXION 850;A5000342;SIEGE;1708;CAMPA CARE;CCA-09084-20230425-302004-108272;;;;;0,00;;;0,00;;0,00;2024-09-24;;;0;;;;;;247;;;
44944;43447;2024-09-25;SARL LESBARRERE TRAVAUX AGRICOLES;AXION 850;A5000342;SIEGE;1708;INCIDENT;404404958;;;;;;;;;;;;;;0;;;;;;248;;;
44945;42688;2024-09-25;ADOUR MOTOCULTURE;CATROS DEMO;;SUPPORT DISQUE;;GARANTIE AMAZONE;T240053840;;;567,69;567,69;0,00;127,50;127,50;0,00;;0,00;2024-10-28;septembre;27-01-2025;0;;;;;;249;;;
44946;43425;2024-09-27;LABAT ALAIN;ARION 430;A7300190;REV MAXI CARE 2 1600H;1681h;MOL;404408899;;;;;;;;;;;;;;0;;;;;;250;;;
44946;43425;2024-09-27;LABAT ALAIN;ARION 430;A7300190;REV MAXI CARE 2 1600H;1681h;SOL;40440919;;;;;;;;;;;;;;0;;;;;;251;;;
44947;43386;2024-09-27;SAS DUGUINE ERIC;ARION 510;;CODE A4DB;4136;MAXI CARE;404409488;;;;;0,00;184,50;184,5;0,00;150,00;0,00;2024-12-03;;;0;;;;;;252;;;
44948;43451;2024-09-30;EARL LE BELICQ;ARION 660;A9702701;SIEGE;865;MAXI CARE;404411761;;;;;0,00;246,00;246,00;0,00;;0,00;2024-12-02;;;0;;;;;;253;;;
44949;43270;2024-09-30;SARL MLE;EPAREUSE FULGOR 7500;;FLECHE;550;GARANTIE ROUSSEAU;52060;;;;;;;;;;;;;;0;;;;;;254;;;
44950;43429;2024-10-01;SARL LESBARRERE TRAVAUX AGRICOLES;AXION 850;A5000342;FREINAGE REMORQUE;1708;CAMPA CARE;CCA-09084-20230425-302004-108367;;;;;;;;;;;;;;0;;;;;;255;;;
44951;43493;2024-10-02;ADOUR MOTOCULTURE;;;CABLE DIAGNOSTIC;;GARANTIE PIECES;404414411;;;32,78;32,78;0,00;;;0,00;;0,00;2024-12-18;octobre;19-03-2025;1;0;;;;;256;;;
44952;42298;2024-10-04;PUSSACQ MICHAEL;HERSE MASCHIO 5000;;VERIN DE REPLIAGE;;GARANTIE MASHIO;201043-20241004110626;;;2176,16;2176,16;0,00;341,82;276,82;65,00;;65,00;2024-11-14;octobre;13-02-2025;0;;;1;;;257;;;
44953;43419;2024-10-18;DUBOURDIEU ALAIN;LINER 2700;G2301497;CAPOT;80;GARANTIE;404431027;;;212,55;212,55;0,00;61,50;61,50;0,00;;0,00;2024-10-31;octobre;30-01-2025;1;0;;;;;258;;;
44954;5979;2024-10-22;SCEA DU PONT D'UGNE;ELIOS 210;A4801924;RELEVAGE;399;INCIDENT;404422526;;;1022,27;1022,27;0,00;645,75;645,75;0,00;;0,00;2024-12-02;octobre;03-03-2025;0;;;;;;259;;;
44954;5979;2024-10-22;SCEA DU PONT D'UGNE;ELIOS 210;A4801924;RELEVAGE;399;GARANTIE;404422526;;"11397690
6000105998
11367140";1022,27;1022,27;0,00;645,75;645,75;0,00;;0,00;2024-12-02;octobre;03-03-2025;1;0;;;;;260;;;
44955;43016;2024-10-11;EARL DE BIRAN;HERSE MASCHIO 5000;;AXE VERROUILLAGE REPLIAGE;57ha;GARANTIE;201043-20241011134910;;;47,06;47,06;0,00;49,00;49,00;0,00;;0,00;2024-11-14;octobre;13-02-2025;1;0;;;;;261;;;
44956;43085;;EARL DES DEUX RUISSEAUX;UF 1602;;POIGNET AMAPILOT+;60ha;GARANTIE AMAZONE;;;;;;;;;;;;;;;0;;;;;;262;;;
44957;5983;2024-10-14;EARL PEPINIERES LACAUSSE;ARION 430;A7304706;COMMANDE VITESSE;201;GARANTIE;404425469;;;562,78;562,78;0,00;61,50;61,5;0,00;;0,00;2024-12-02;octobre;03-03-2025;1;0;;;;;263;;;
44958;5984;2024-10-14;EARL PEPINIERES LACAUSSE;ARION 430;A7304706;COMMANDE PDF;201;INCIDENT;404425528;;;;;;;;;;;;;;0;;;;;;264;;;
44958;5984;2024-10-14;EARL PEPINIERES LACAUSSE;ARION 430;A7304706;COMMANDE PDF;201;GARANTIE;404425528;;;48,07;48,07;0,00;92,25;92,25;0,00;;0,00;2024-12-02;octobre;03-03-2025;1;0;;;;;265;;;
44959;5956;2024-10-14;FORESTIERE LAPEGUE;XERION 5000;78410241;SUPPORT TÉLÉPHONE;702;GARANTIE;404425636;;;122,88;122,88;0,00;76,88;76,88;0,00;;0,00;2024-12-02;octobre;03-03-2025;1;0;;;;;266;;;
44960;5995;2024-10-16;SCEA DU PONT D'UGNE;ELIOS 210;A4801924;INVERSEUR;399;INCIDENT;404427267;;;;;;;;;;;;;;0;;;;;;267;;;
44960;5995;2024-10-16;SCEA DU PONT D'UGNE;ELIOS 210;A4801924;INVERSEUR;399;GARANTIE;404427267;;;1092,86;1092,86;0,00;968,63;615,00;353,63;;353,63;2024-12-02;octobre;03-03-2025;1;0;10h de MO au lieu de 15,75h;1;;;268;;;
44961;43391;2024-10-16;FORESTIERE LAPEGUE;SCORPION ;K3100057;FAISCEAU MAT;1520;INCIDENT;404427588;;;;;;;;;;;;;;0;;;;;;269;;;
44962;43492;2024-10-30;CUMA DU BEILLE GAUJACQ;PRECEA 4500;;BOITIER NI257;142ha;GARANTIE AMAZONE;T240061477;NI257;NI257;2008,81;2008,81;0,00;255,00;255,00;0,00;;0,00;2024-11-19;octobre;18-02-2025;0;;;;;;270;;;
44963;43217;2024-10-21;EARL POUPON;ARION 510;A9400387;REV 1000H;1037;MOL;404433341;;;369,82;369,82;0,00;246,00;246,00;0,00;;0,00;2024-10-31;octobre;30-01-2025;0;;;;;;271;;;
44964;43433;2024-11-20;BOSAGRI;PROCEA 6000;;OTS MM1506;250;OS;T240065507;;;321,30;321,30;0,00;153,00;153,00;0,00;;0,00;2024-11-27;novembre;26-02-2025;0;;;;;;272;;;
44965;43434;2025-05-21;DONAGRI;PROCEA 6000;PRE0001688;OTS MM1506;1012HA/249H;OS;T250031080;;;321,30;321,30;0,00;424,00;424,00;0,00;;0,00;2025-05-28;;27-08-2025;0;;;;;;273;;;
44966;43454;2025-03-13;CUMA DES 4 CHEMINS;PRECEA;;OTS MM1506;753;OS;T250012278;;;;;;;;;;;;;;0;;;;;;274;;;
44967;43455;2024-10-01;SCEA LES LAURIERS;PROCEA 4500;;OTS MM1506;554;OS;T240055893;;;214,20;214,20;0,00;89,25;89,25;0,00;;0,00;2024-10-15;octobre;14-01-2025;0;;;;;;275;;;
44968;43456;2024-09-30;EARL DE LA LANERE;PROCEA 4500;;OTS MM1506;574Ha;OS;T240055873;;;214,20;214,20;0,00;89,25;89,25;0,00;;0,00;2024-10-15;septembre;14-01-2025;0;;;;;;276;;;
44969;43457;2024-09-30;EARL DE GRACIANDON;PROCEA 4500;;OTS MM1506;570;OS;T240055879;;;214,20;214,20;0,00;102,00;102,00;0,00;;0,00;2024-10-15;septembre;14-01-2025;0;;;;;;277;;;
44970;43458;2024-10-21;POUTOIR LUCAS;PROCEA 4500;;OTS MM1506;493Ha/89H;OS;T240060131;;;214,20;214,20;0,00;102,00;102,00;0,00;;0,00;2024-10-15;octobre;14-01-2025;0;;;;;;278;;;
44971;43459;2024-10-11;CUMA MIESPOSA;PROCEA 4500;;OTS MM1506;738ha;OS;T240057543;;;214,20;214,20;0,00;102,00;102,00;0,00;;0,00;2024-10-15;octobre;14-01-2025;0;;;;;;279;;;
44972;43460;2024-10-21;EARL POUPON;PROCEA 4500;;OTS MM1506;250ha;OS;T240060138;;;214,20;214,20;0,00;102,00;102,00;0,00;;0,00;2024-10-15;octobre;14-01-2025;0;;;;;;280;;;
44973;43461;2024-10-14;EARL DE PIQUETTE;PROCEA 4500;;OTS MM1506;227 ha;OS;T240057657;;;214,20;214,20;0,00;114,75;114,75;0,00;;0,00;2024-10-15;octobre;14-01-2025;0;;;;;;281;;;
44974;43462;;EUROSAMA;PROCEA 4500;;OTS MM1506;;OS;;;;;;;;;;;;;;;0;;;;;;282;;;
44975;43463;2024-10-21;ADOUR MOTOCULTURE;PROCEA 4500;;OTS MM1506;0;OS;T240060137;;;214,20;214,20;0,00;102,00;102,00;0,00;;0,00;2024-10-15;octobre;14-01-2025;0;;;;;;283;;;
44976;43464;2024-10-11;EARL DUCASSE SERGE;PROCEA 4500;;OTS MM1506;156ha;OS;T240057527;;;214,20;214,20;0,00;114,75;114,75;0,00;;0,00;2024-10-15;octobre;14-01-2025;0;;;;;;284;;;
44977;43465;2024-10-11;GPT PETIT CABE/NAURIS;PROCEA 4500;;OTS MM1506;172ha;OS;T240057516;;;214,20;214,20;0,00;114,75;114,75;0,00;;0,00;2024-10-15;octobre;14-01-2025;0;;;;;;285;;;
44978;43466;2024-10-11;CUMA DU BEILLE GAUJACQ;PROCEA 4500;;OTS MM1506;142ha;OS;T240057539;;;214,20;214,20;0,00;102,00;102,00;0,00;;0,00;2024-10-15;octobre;14-01-2025;0;;;;;;286;;;
44979;43504;2025-05-21;DONAGRI;PROCEA 6000;PRE0001688;OTS MM1506;1124ha/249h;OS AMAZONE;T250031098;;;97,48;97,48;0,00;106,00;;106,00;;106,00;2025-05-28;mai;27-08-2025;1;0;;1;;;287;;;
44980;43506;;EARL DE DOUE ;PROCEA 6000;;OTS MM1506;;OS;;;;;;;;;;;;;;;0;;;;;;288;;;
44981;43516;2024-10-25;ADOUR MOTOCULTURE;SCORPION ;K3301027;OTS 16236 ;2171;OS;404360763;;;263,38;263,38;0,00;76,88;76,88;0,00;;0,00;2024-11-05;octobre;04-02-2025;0;;;;;;289;;;
44982;43519;2024-10-17;EARL DES MONTS;AXION 920;A6400761;CAPTEUR PRISE DE FORCE;1827;MAXI CARE;404429299;;;104,33;104,33;0,00;79,95;79,95;0,00;150,00;0,00;2024-11-05;octobre;04-02-2025;1;0;;;;;290;;;
44983;43517;2024-10-22;SCEA DE MARLUS;ARES 630;;BOUCHON DE RESERVOIR FREIN;8846h / 1h;GARANTIE PIECES;404436228;;;19,36;19,36;0,00;15,38;15,35;0,03;;0,03;2025-06-17;octobre;16-09-2025;1;0;;;;;291;;;
44984;43517;2024-10-23;SCEA DE MARLUS;ARES 630;;BOUCHON DE RESERVOIR FREIN;8846h/84h;GARANTIE PIECES;404437432;;;19,36;19,36;0,00;;;0,00;;0,00;2025-01-30;octobre;01-05-2025;1;0;;;;;292;;;
44985;5994;2024-10-25;SCEA DU PONT D'UGNE;ELIOS 210;A4801924;CAPUCHON PUSH PULL;399;GARANTIE;404437961;;;74,23;74,23;0,00;30,75;30,75;0,00;;0,00;2024-10-31;octobre;30-01-2025;1;0;;;;;293;;;
44986;42003;2024-10-24;BOSAGRI;CERTOS;;PIVOT DROIT ET GAUCHE;504;GARANTIE AMAZONE;T240060261;;;1046,12;1046,12;0,00;153,00;153,00;0,00;;0,00;2024-10-29;octobre;28-01-2025;0;;;;;;294;;;
44987;5993;2024-10-25;SCEA DU PONT D'UGNE;ELIOS 210;A4801924;FREIN À MAIN;399;GARANTIE;404440835;;;;;0,00;184,50;184,5;0,00;;0,00;2024-12-02;;;0;;;;;;295;;;
44988;42681-5830;2024-11-20;LASSEGUE BAPTISTE;ARION 660;A9703691;TRANSMISSION ET FREINS;352;GARANTIE;404444574;;;2437,36;2437,36;0,00;6211,50;6211,50;0,00;;0,00;2025-01-15;novembre;16-04-2025;1;0;;;;;296;;;
44989;;2024-10-28;EARL DES MONTS;AXION 920;A6400761;REVISION 1800H;1859h;MOL;404444034;Moteur 51252692;;;;;;;;;;;;;0;;;;;;297;;;
44989;;2024-10-28;EARL DES MONTS;AXION 920;A6400761;REVISION 1800H;1859h;SOL;404444037;Pont 51252693;;;;;;;;;;;;;0;;;;;;298;;;
44990;43580;2024-10-28;EARL DE VERSAILLE;ARION 650;A9704157;DÉMARRAGE;210h;GARANTIE;404444219;;;0,98;0,98;0,00;123,00;30,75;92,25;;92,25;2024-12-02;octobre;03-03-2025;1;0;remboursé 1/2h de MO;1;;;299;;;
44991;43525;2024-10-28;EARL DES MONTS;NEXOS 240;;REVISION 2800 H;2832h;MOL;404444396;;;;;;;;;;;;;;0;;;;;;300;;;
44991;43525;2024-10-28;EARL DES MONTS;NEXOS 240;;REVISION 2800 H;2832h;SOL;404444397;;;;;;;;;;;;;;0;;;;;;301;;;
44992;43588;2024-11-04;CUMA MIESPOSA;ARION 630;A9703090;PONT AVANT;3356;MAXI CARE;404450893;;;96,15;96,15;0,00;338,25;215,25;123,00;;123,00;2024-12-18;novembre;19-03-2025;1;0;;1;;3,5heures de pris en charge;302;;;
44993;6003;2024-11-04;MAIRIE DE TARNOS;ARION 430;A7302367;REV 1200H;1256h;MOL;404451384;;;;;;;;;;;;;;0;;;;;;303;;;
44994;43559;2024-11-07;BOSAGRI;SCORPION ;;REV 800H;823h;MOL;404455567;;;;;;;;;;;;;;0;;;;;;304;;;
44994;43559;2024-11-07;BOSAGRI;SCORPION ;;REV 800H;823h;SOL;404455794;;;;;;;;;;;;;;0;;;;;;305;;;
44995;43594;2024-11-07;SARL LESBARRERE TRAVAUX AGRICOLES;ARION 530;A9401676;CONTACTEUR FREIN;455h;GARANTIE;404455894;;;73,12;73,12;0,00;123,00;123,00;0,00;;0,00;2024-11-14;novembre;13-02-2025;1;0;;;;;306;;;
44996;43618;2024-11-08;SARL MLE;ARION 630;A9703634;REV 1000H;949h;MOL CLAAS LOCATION;404456646;;;531,28;;;313,65;;;;;;novembre;;0;;;;;;307;;;
44996;43618;2024-11-08;SARL MLE;ARION 630;A9703634;REV 1000H;949h;SOL CLAAS LOCATION;404456742;;;434,99;434,99;0,00;338,25;338,25;0,00;;0,00;2024-12-02;novembre;03-03-2025;0;;;;;;308;;;
44997;43603;2024-11-18;SCEA DE BORDENAVE;ARION 650;A9605952;DEMARRAGE;449H;GARANTIE;404468664;;;2,89;2,89;0,00;123,00;123,00;0,00;;0,00;2024-12-02;novembre;03-03-2025;1;0;;;;;309;;;
44998;43620;2024-11-18;BOSAGRI;SCORPION ;;CLIM;823h;GARANTIE;404468883;;;3,07;3,07;0,00;123,00;123,00;0,00;;0,00;2024-12-02;novembre;03-03-2025;1;0;;;;;310;;;
44999;43622;2024-11-19;DUBOURDIEU ALAIN;ARION 450;A7303185;FREIN À MAIN;825h;INCIDENT;404469299;;;;;;;;;;;;;;0;;;;;;311;;;
45000;43640;2024-11-27;EARL POUPON;ARION 530;;PRESSION MOTEUR;25H;GARANTIE;404480208;;;93,47;93,47;0,00;30,75;30,75;0,00;;0,00;2024-12-18;novembre;19-03-2025;1;0;;;;;312;;;
45001;43641;2024-11-27;EARL POUPON;ARION 530;;TABLEAU DE BORD;25h;GARANTIE;404480336;;;739,72;739,72;0,00;92,25;92,25;0,00;;0,00;2024-12-18;novembre;19-03-2025;1;0;;;;;313;;;
45002;43611;2024-11-20;BOSAGRI;SCORPION 746 VP STAGE V;K3500970;COMPRESSEUR D'AIR;845;GARANTIE;404471291;;;1301,01;1301,01;0,00;184,50;184,5;0,00;;0,00;2024-12-18;novembre;19-03-2025;1;0;;;;;314;;;
45003;43661;2024-11-21;LYCEE MUGRON;ARION 630;A9704716;OS 16313;72;OS;404455469;;;;;0,00;30,75;30,75;0,00;;0,00;2024-12-02;;;0;;;;;;315;;;
45004;43602;2024-11-21;EARL POUPON;ARION 510;A9400387;JAUGE AD BLUE;1068;MAXI CARE;404472113;;;1526,65;1526,65;0,00;141,45;141,45;0,00;;0,00;2024-12-02;novembre;03-03-2025;1;0;;;;;316;;;
45005;43666;2024-11-21;EARL POUPON;ARION 510;A9400387;BATTERIE;1068;MAXI CARE;404472588;;;245,90;245,90;0,00;18,45;18,45;0,00;;0,00;2024-12-02;novembre;03-03-2025;1;0;;;;;317;;;
45006;43663;2024-11-22;LOUSTAUNEAU ALEXANDRE;ARION 630;A9703194;FILTRE A GASOIL;488;INCIDENT;404473385;;;;;;;;;;;;;;0;;;;;;318;;;
45007;43643;2024-11-22;EARL BELLOCQ;ARION 420;;REV 2200H;2207;MOL;404474208;;;1144,34;1144,34;;369,00;369,00;;;;;novembre;;0;;;;;;319;;;
45008;43644;2024-11-25;EARL BELLOCQ;ARION 430;;REV 1000H;1020;MOL;404175530;;;355,78;355,78;;246,00;246,00;;;;;novembre;;0;;;;;;320;;;
45009;43576;2024-11-25;SARL DECES ET CIE;ARION 650;A9605919;CLIGNOTANT;418;GARANTIE;404475237;;;;;0,00;430,50;246,00;184,50;;184,50;2024-12-02;;;0;;;1;;;321;;;
45010;43662;2024-11-25;LOUSTAUNEAU ALEXANDRE;ARION 630;A9703194;REV 12 MOIS;488h;MOL CLAAS LOCATION;404475407;;;0,00;;;0,00;;;;;;novembre;;0;;;;;;322;;;
45010;43662;2024-11-25;LOUSTAUNEAU ALEXANDRE;ARION 630;A9703194;REV 12 MOIS;488h;SOL CLAAS LOCATION;404484994;;;0,00;;;0,00;;;;;;novembre;;0;;;;;;323;;;
45011;43663;2024-11-25;LOUSTAUNEAU ALEXANDRE;ARION 630;A9703194;REV 500H;488h;MOL CLAAS LOCATION;404475882;;;322,02;484,31;-162,29;319,80;319,80;0,00;;-162,29;2024-12-02;novembre;03-03-2025;0;;;;;;324;;;
45011;43663;2024-11-25;LOUSTAUNEAU ALEXANDRE;ARION 630;A9703194;REV 500H;488h;VISITE FIN GARANTIE;404498501;;;322,02;;;319,80;;;;;;novembre;;0;;;;;;325;;;
45012;43671;2024-11-25;CUMA MOUSTACHON;UF 1302;;FONCTION RINCAGE;652;GARANTIE AMAZONE;T240066527;;;;;0,00;153,00;153,00;0,00;;0,00;2024-12-06;;;0;;;;;;326;;;
45013;6014;2024-12-09;BOSAGRI;SCORPION 746 VP STAGE V;K3500970;CARDAN;845;INCIDENT;404476854;;;;;;;;;;;;;;0;;;;;;327;;;
45013;6014;2024-12-09;BOSAGRI;SCORPION 746 VP STAGE V;K3500970;CARDAN;845;GARANTIE;404476854;;;3268,03;3268,03;0,00;799,50;615,00;184,50;;184,50;2024-12-18;décembre;19-03-2025;1;0;10h de MO au lieu de 13H;1;;;328;;;
45014;43655;2024-11-26;LASSEGUE BAPTISTE;ARION 660;A9703691;FUITE HUILE HYDRAULIQUE;465;MAXI CARE;404477304;;;;;0,00;153,75;61,50;92,25;;92,25;2024-12-18;;;0;;1h de MO sur les 2,5 demandé;1;;;329;;;
45015;43391;2024-11-28;FORESTIERE LAPEGUE;SCORPION 732;K3100057;CHAINE GUIDE FAISCEAU;1520;GARANTIE PIECES;404481314;;;226,24;226,24;0,00;738,00;615,00;123,00;;123,00;2025-03-20;novembre;19-06-2025;1;0;;1;;;330;;;
45016;43650;2024-11-28;COMMUNAUTE DE COMMUNE GRAND DAX;ARION 420M;A7303001;INFILTRATION D'EAU;869;GARANTIE;404482088;;;9,91;9,91;0,00;522,75;522,75;0,00;;0,00;2024-12-18;novembre;19-03-2025;1;0;;;;;331;;;
45017;43679;2024-11-29;COMMUNAUTE DE COMMUNE GRAND DAX;ARION 420;A7303001;DISTRIBUTEUR N°1;869;GARANTIE;404482465;;;150,79;150,79;0,00;123,00;123,00;0,00;;0,00;2024-12-18;novembre;19-03-2025;1;0;;;;;332;;;
45018;6028;2024-12-02;LASSEGUE BAPTISTE;ARION 660;A9703691;FUITE HUILE HYDRAULIQUE;540;INCIDENT;404484339;;;;;;;;;;;;;;0;;;;;;333;;;
45018;6028;2024-12-02;LASSEGUE BAPTISTE;ARION 660;A9703691;FUITE HUILE HYDRAULIQUE;540;MAXI CARE;404484339;;05888931;977,30;977,30;0,00;461,25;461,25;0,00;;0,00;2024-12-18;décembre;19-03-2025;1;0;;;;;334;;;
45019;6027;2024-12-03;CLAIRANT PATRICIA;ARION 420;A7201569;AD BLUE;716;MAXI CARE;404485773;;;;;0,00;215,25;215,25;0,00;150,00;0,00;2024-12-18;;;0;;;;;;335;;;
45020;5864;2024-12-04;CUMA LA CIGALE ;TONNE MAUGUIN;;VERIN POMPAGE / ENFOUISSEUR;608ha;GARANTIE MAUGUIN;6266;;;633,35;633,35;0,00;1320,00;1320,00;0,00;;0,00;2024-12-18;décembre;19-03-2025;1;0;;;;;336;;;
45021;43685;2024-12-04;FORESTIERE LAPEGUE;XERION 5000;78410241;REV 1000H;914;MOL CLAAS LOCATION;404486761;;;1301,86;1648,98;-347,12;1020,90;1020,90;0,00;;-347,12;2024-12-18;décembre;19-03-2025;0;;;;;;337;;;
45021;43685;2024-12-04;FORESTIERE LAPEGUE;XERION 5000;78410241;REV 1000H;914;SOL CLAAS LOCATION;404487413;;;1569,83;1648,98;-79,15;1076,25;1020,90;55,35;;-23,80;2024-12-18;décembre;19-03-2025;0;;;;;;338;;;
45022;43695;2024-12-04;SARL LESBARRERE TRAVAUX AGRICOLES;AXION 800;A5001047;REV 1800H;1850;MOL;404487554;;;1173,56;240,68;;276,75;276,75;;;;;décembre;;0;;;;;;339;;;
45023;43708;2024-12-05;SCEA DE BORDENAVE;ARION 650;A9605952;REV 500H;510;MOL CLAAS LOCATION;404488302;;;305,69;455,69;-150,00;322,88;322,88;0,00;;-150,00;2024-12-18;décembre;19-03-2025;0;;;;;;340;;;
45023;43708;2024-12-05;SCEA DE BORDENAVE;ARION 650;A9605952;REV 500H;510;SOL CLAAS LOCATION;404488255;;;305,69;455,69;-150,00;338,25;322,88;15,37;;-134,63;2024-12-18;décembre;19-03-2025;0;;;;;;341;;;
45024;43707;2024-12-06;SCEA DE BORDENAVE;ARION 650;A9605952;FUITE HUILE HYDRAULIQUE;510;GARANTIE;404489783;;;108,67;108,67;0,00;61,50;61,50;0,00;;0,00;2024-12-18;décembre;19-03-2025;1;0;;;;;342;;;
45025;43710;2024-12-06;SARL MLE;ARION 630;A9703634;FUITE HUILE HYDRAULIQUE;1012;GARANTIE;404489877;;;155,49;155,49;0,00;61,50;61,50;0,00;;0,00;2024-12-18;décembre;19-03-2025;1;0;;;;;343;;;
45026;43746;2024-12-09;CUMA LA CIGALE ;TONNE MAUGUIN;;FAISCEAU ELECTRIQUE;608;GARANTIE MAUGUIN;2025140;;;77,38;77,38;0,00;;;0,00;;0,00;2025-09-02;décembre;02-12-2025;1;1;;;;;344;;;
45027;6030;2024-12-09;LASSEGUE BAPTISTE;ARION 660;A9703691;REV 500H;540;MOL;404493357;;;419,94;;;338,25;;;;;;décembre;;0;;;;;;345;;;
45027;6030;2024-12-09;LASSEGUE BAPTISTE;ARION 660;A9703691;REV 500H;540;SOL;404493358;;;206,13;;;338,25;;;;;;décembre;;0;;;;;;346;;;
45028;43713;2025-01-14;LABAT ALAIN;ARION 530;A9400308;OTS 16287;1960;OS;404478253;;;1,51;1,51;0,00;123,00;123,00;0,00;;0,00;2025-01-14;janvier;15-04-2025;0;;;;;;347;;;
45029;43714;2025-02-21;CUMA MIESPOSA;ARION 610;A9700800;OTS 16287;2229;OS;404478496;;;1,51;1,51;0,00;123,00;123,00;0,00;;0,00;2025-03-03;février;02-06-2025;0;;;;;;348;;;
45030;43715;2025-01-15;EARL DE LA PLAINE;ARION 650;A9702024;OTS 16287;626;OS;404479637;;;1,51;1,51;0,00;123,00;123,00;0,00;;0,00;2025-01-15;janvier;16-04-2025;0;;;;;;349;;;
45031;43716;2025-05-30;EARL ESPAGNE;ARION 630;A9703194;OTS 16287;1277;OS;404479174;;;1,51;1,51;0,00;123,00;123,00;0,00;;0,00;2025-06-02;mai;01-09-2025;0;;;;;;350;;;
45032;43717;2025-02-19;EARL L'ENCATADE;ARION 630;A9701737;OTS 16287;1135;OS;404479733;;;1,51;1,51;0,00;123,00;123,00;0,00;;0,00;2025-03-03;février;02-06-2025;0;;;;;;351;;;
45033;43718;2025-02-06;EARL POUPON;ARION 510;A9400387;OTS 16287;1082;OS;404478497;;;1,51;1,51;0,00;123,00;123,00;0,00;;0,00;2025-02-13;février;15-05-2025;0;;;;;;352;;;
45034;43719;2025-02-04;EARL LEBORDE;ARION 510;A9500471;OTS 16287;1140;OS;404478791;;;1,51;1,51;0,00;123,00;123,00;0,00;;0,00;2025-02-13;février;15-05-2025;0;;;;;;353;;;
45035;43720;2025-02-13;BESSET PASCAL;ARION 610;A9601355;OTS 16287;2280;OS;404478311;;;1,51;1,51;0,00;123,00;123,00;0,00;;0,00;2025-03-03;février;02-06-2025;0;;;;;;354;;;
45036;43721;2024-12-12;CUZACQ SANDRA;ARION 650;A9700686;OTS 16287;2339;OS;404478288;;;1,51;1,51;0,00;123,00;123,00;0,00;;0,00;2024-12-18;décembre;19-03-2025;0;;;;;;355;;;
45037;43722;2025-03-20;SARL MATAGRI;ARION 610;A9700714;OTS 16287;2626;OS;404478310;;;1,51;1,51;0,00;123,00;123,00;0,00;;0,00;2025-03-20;mars;19-06-2025;0;;;;;;356;;;
45038;43723;2025-02-11;SARL DECES ET CIE;ARION 610;A9601738;OTS 16287;3908;OS;404478734;;;1,51;1,51;0,00;123,00;123,00;0,00;;0,00;2025-02-13;février;15-05-2025;0;;;;;;357;;;
45039;43759;2025-01-23;SCEA DU PASTOU;ARION 550;A9500647;OTS 16295;1408;OS;404481065;;;1,51;1,51;0,00;30,75;30,75;0,00;;0,00;2025-01-30;janvier;01-05-2025;0;;;;;;358;;;
45040;43754;2024-12-18;FORESTIERE LAPEGUE;XERION 5000;78410241;CODE ERREUR 18EC;1011;GARANTIE;404502764;;;;;0,00;61,50;0,00;61,50;;61,50;2024-12-18;;;0;;Responsabilité concessionnaire;1;;;359;;;
45041;43583;2024-12-19;EARL GUITON;MASCHIO BRAVA;;BOITIER PDF;5;GARANTIE MASHIO;201043-20241219093623;;;15,48;15,48;0,00;39,00;39,00;0,00;;0,00;2025-01-24;décembre;25-04-2025;0;;;;;;360;;;
45042;43744;2025-01-08;COMMUNAUTE DE COMMUNE GRAND DAX;ARION 420M;A7303001;PRESSION LUB;920;MAXI CARE;404517579;;;50,36;50,36;0,00;524,00;262,00;262,00;;262,00;2025-01-30;janvier;01-05-2025;1;0;50% de la MO;1;;;361;;;
45043;43791;2025-01-09;SARL MLE;ARION 630;A9703634;SIEGE PNEUMATIQUE;1023;GARANTIE;404520616;;11476730;94,76;94,76;0,00;203,05;170,30;32,75;;32,75;2025-01-15;janvier;16-04-2025;1;0;;1;;;362;;;
45044;43782;2025-01-09;FORESTIERE LAPEGUE;XERION 5000;78410241;AD BLUE;1020;INCIDENT;404522227;;;;;;;;;;;;;;0;;;;;;363;;;
45044;43782;2025-01-09;FORESTIERE LAPEGUE;XERION 5000;78410241;AD BLUE;1020;GARANTIE;404522227;;;16,30;16,30;0,00;622,25;458,60;163,65;;163,65;2025-02-13;janvier;15-05-2025;1;0;7h de MO au lieu de 9h30;1;;;364;;;
45045;43520;2025-01-10;MAIRIE DE TARTAS;ARION 410;A5203587;REV 1900H;1908;MOL;404524905;;;;;;;;;;;;;;0;;;;;;365;;;
45046;43794;2025-01-10;MAIRIE DE TARTAS;ARION 420;A7303150;REV 1000H;1058;MOL;404524963;"51252695 Moteur
51252696 Pont";;;;;;;;;;;;;0;;;;;;366;;;
45047;43568;2025-01-13;EARL MENAOUT;ARION 650;A3701675;JOINT DE CULASSE;2066;GARANTIE PIECES;404527022;;;170,12;;;2214,00;;;;;;janvier;;0;;;;;;367;;;
45048;43810;2025-01-14;LAFARGUE DENIS;ARES 616;;BOITIER MOTEUR ;4610;GARANTIE PIECES;404527114;;;553,07;533,94;19,13;196,50;196,50;0,00;;19,13;2025-01-30;janvier;01-05-2025;1;0;filtre non pris en charnge;1;;;368;;;
45049;43817;2025-01-14;EARL DE LAMARE;ARION 420;A5202808;REV 2800H;2756;MOL;404528563;;;;;;;;;;;;;;0;;;;;;369;;;
45050;43813;2025-01-15;COMMUNAUTE DE COMMUNE GRAND DAX;ARION 420;A7303001;CONTACTEUR DE GAMMES;1040;MAXI CARE;404529198;;;121,04;121,04;0,00;131,00;131,00;0,00;;0,00;2025-01-15;janvier;16-04-2025;1;0;;;;;370;;;
45051;6045;2025-01-23;FORESTIERE LAPEGUE;XERION 5000;78410241;BOITE DE TRANSFERT;1113;INCIDENT;404535344;;29675801;3530,20;3530,20;0,00;1834,00;1834,00;0,00;;0,00;2025-05-06;janvier;05-08-2025;0;;;;;;371;;;
45051;6045;2025-01-23;FORESTIERE LAPEGUE;XERION 5000;78410241;BOITE DE TRANSFERT;1113;GARANTIE;404535344;;29675801;3530,20;3530,20;0,00;1834,00;1834,00;0,00;;0,00;2025-05-05;janvier;04-08-2025;1;0;;;;;372;;;
45052;43832;2025-01-17;SCEA DE BOUHETTE;ARION 620;A3608308;BIELLETTE SUSPENSION CABINE;3894;GARANTIE PIECES;404538813;;;70,17;70,17;0,00;52,40;52,40;0,00;;0,00;2025-01-30;janvier;01-05-2025;1;0;;;;;373;;;
45053;43775;2025-01-22;DONAGRI;AMATRON 4;;PAS DE SON;301Ha/120h;Amazone Ticket service;T250002526;;amatron;;;;;;;;;;;;0;;;;;;374;;;
45053;43775;2025-09-18;DONAGRI;AMATRON 4;;PAS DE SON;301Ha/120h;GARANTIE AMAZONE;T250058206;;amatron;1953,44;;;265,00;;;;;;septembre;;0;;;;;;375;;;
45054;43829;2025-01-24;EARL DOUS AOUCHETS;ARION 650;A9702425;FUITE HYDRAULIQUE;694;MAXI CARE;404547778;;;79,64;79,64;0,00;884,25;524,00;360,25;150,00;360,25;2025-01-30;janvier;01-05-2025;1;0;"Description du dommage insuffisante - Compléter rapport avec photos/explication
Temps de travail demandé supérieur au temps barémé ou au temps moyen constaté";1;;;376;;;
45055;6049;2025-01-24;EARL PEPINIERES LACAUSSE;CHARGEUR FL100;B9113784;FUITE HUILE;318;GARANTIE;404548480;;;2,16;2,16;0,00;32,75;32,75;0,00;;0,00;2025-01-30;janvier;01-05-2025;1;0;;;;;377;;;
45056;43861;2025-01-24;CUMA MIESPOSA;ARION 630;A9703090;BRUIT A L'AVANT DU MOTEUR;914;MAXI CARE;404548617;;;292,36;292,36;0,00;65,50;65,50;0,00;150,00;0,00;2025-01-30;janvier;01-05-2025;1;0;;;;;378;;;
45057;43860;2025-01-27;CUMA MIESPOSA;ARION 630;A9703090;REV 1000H;914;MOL;404549060;;;;;;;;;;;;;;0;;;;;;379;;;
45057;43860;2025-01-27;CUMA MIESPOSA;ARION 630;A9703090;REV 1000H;914;VISITE FIN GARANTIE;404549074;;;;;;;;;;;;;;0;;;;;;380;;;
45058;43873;2025-01-28;EARL LAFITTON;ARION 510;;FUITE LIQUIDE DE REFROIDISSEMENT;4050;INCIDENT;404550841;;;;;;;;;;;;;;0;;;;;;381;;;
45058;43873;2025-02-18;EARL LAFITTON;ARION 510;;FUITE LIQUIDE DE REFROIDISSEMENT;4050;MAXI CARE;404550841;;;46,13;46,13;0,00;294,75;294,75;0,00;150,00;0,00;2025-03-03;février;02-06-2025;1;0;;;;;382;;;
45059;;;;;;;;;;;;;;;;;;;;;;;0;;;;;;383;;;
45060;43872;2025-01-28;EARL POUPON;ARION 530;A9501826;FILTRE TRANSMISSION;35;GARANTIE;404551482;;;32,53;32,53;0,00;65,50;65,50;0,00;;0,00;2025-02-13;janvier;15-05-2025;1;0;;;;;384;;;
45061;43806;2025-01-28;ADOUR MOTOCULTURE;ARION 660;A9704035;OTS 16008;257;OS;404519470;;;20,60;20,60;0,00;32,75;32,75;0,00;;0,00;2025-01-30;janvier;01-05-2025;0;;;;;;385;;;
45062;43871;2025-01-30;EARL POUPON;ARION 530;A9501826;DISTRIBUTEUR N°1;35;INCIDENT;404551651;;;;;;;;;;;;;;0;;;;;;386;;;
45062;43871;2025-01-30;EARL POUPON;ARION 530;A9501826;DISTRIBUTEUR N°1;35;GARANTIE;404551651;;11722900;823,69;823,69;0,00;327,50;196,50;131,00;;131,00;2025-02-13;janvier;15-05-2025;1;0;Temps de travail demandé supérieur au temps barémé ou au temps moyen constaté;1;;;387;;;
45063;43848;2025-01-29;EARL LEBORDE;ARION 510;A9500471;REV 1500H;1439;MOL;404552188;;;;;;;;;;;;;;0;;;;;;388;;;
45063;43848;2025-01-29;EARL LEBORDE;ARION 510;A9500471;REV 1500H;1439;SOL;404552189;"51252699 moteur
51252700 pont";;;;;;;;;;;;;0;;;;;;389;;;
45064;43574;2025-01-29;SARL MLE;GIRAFFA 185 XL;;ROULEMENT;61;GARANTIE MASHIO;201043-20250129152432;;;39,60;35,12;4,48;39,00;39,00;0,00;;4,48;2025-03-14;janvier;13-06-2025;0;;;1;;;390;;;
45065;43863;2025-01-29;SARL MLE;GIRAFFA 185 XL;;ROULEAU PALPEUR;108;GARANTIE MASHIO;201043-20250129155614;;;38,26;38,26;0,00;234,00;234,00;0,00;;0,00;2025-03-19;janvier;18-06-2025;0;;;;;;391;;;
45066;43819;2025-02-03;ADOUR MOTOCULTURE;ARION 660;A9704035;FILTRE TRANSMISSION;262;GARANTIE;404556591;;;32,53;32,53;0,00;131,00;131,00;0,00;;0,00;2025-02-13;février;15-05-2025;1;0;;;;;392;;;
45067;43897;2025-02-03;FORESTIERE LAPEGUE;XERION 5000;78410241;CLIMATISATION;554;GARANTIE;404556794;;;546,55;546,55;0,00;;0,00;0,00;;0,00;2025-03-03;février;02-06-2025;1;0;;;;;393;;;
45068;6054;2025-02-03;FORESTIERE LAPEGUE;XERION 5000;78410241;LIQUIDE REFROIDISSEMENT;1152;GARANTIE;404557067;;;40,00;40,00;0,00;65,50;65,50;0,00;;0,00;2025-02-13;février;15-05-2025;1;0;;;;;394;;;
45069;43816;2025-02-03;SCEA DU HOUSSAT;BENNE ALO;;LAME USURE;;GARANTIE ALO;;;;;;;;;;;;;;;0;;;;;;395;;;
45070;43797;2025-02-04;LYCEE MUGRON;ARION 630;A9704716;OTS 16309;103;OS;404507202;;;7,53;7,53;0,00;92,25;92,25;0,00;;0,00;2025-02-13;février;15-05-2025;0;;;;;;396;;;
45071;43853;2025-02-04;SARL LESBARRERE TRAVAUX AGRICOLES;ARION 530;A9401676;REV 500H / FIN DE GARANTIE;508;MOL CLAAS LOCATION;404558670;;;258,53;258,53;;337,33;337,33;;;;;février;;0;;;;;;397;;;
45071;43853;2025-02-04;SARL LESBARRERE TRAVAUX AGRICOLES;ARION 530;A9401676;REV 500H / FIN DE GARANTIE;508;SOL CLAAS LOCATION;404558691;;;288,99;288,99;;360,25;360,25;;;;;février;;0;;;;;;398;;;
45072;43820;2025-02-05;SARL COUREAU;ARION 450;A5306131;FUITE COUPLEUR HYDRO;4360;MAXI CARE;404559418;;;188,60;188,60;0,00;65,50;65,50;0,00;150,00;0,00;2025-03-03;février;02-06-2025;1;0;;;;;399;;;
45073;43821;2025-02-05;SARL COUREAU;ARION 450;A5306131;DISTRIBUTEUR N°1;4360;MAXI CARE;404559565;;;1150,59;1150,59;0,00;491,25;327,50;163,75;150,00;163,75;2025-03-03;février;02-06-2025;1;0;;1;;;400;;;
45074;43822;2025-02-05;SARL COUREAU;ARION 450;A5306131;PDF;4360;MAXI CARE;404559667;;;76,88;76,88;0,00;229,25;229,25;0,00;150,00;0,00;2025-03-03;février;02-06-2025;1;0;;;;;401;;;
45075;43345;2025-02-13;SCEA DU PASTOU;ARION 550;A9500647;PARC LOCK;1227;INCIDENT;404568208;;;468,58;468,58;;625,53;625,53;;;;;février;;0;;;;;;402;;;
45076;6058;2025-02-17;EARL LAPOUBLE;ARION 530;;REVISION 6200H;6296;MOL;404572744;;;;;;;;;;;;;;0;;;;;;403;;;
45077;6070;2025-02-18;FORESTIERE LAPEGUE;XERION 5000;78410241;CODE 1824;1228;GARANTIE;404573390;;;94,18;92,20;1,98;229,25;131,00;98,25;;100,23;2025-03-03;février;02-06-2025;1;0;2h de MO ;1;;;404;;;
45078;43664;2025-02-18;EARL DES MONTS;ARION 620;A1908810;REVISION+ECHANGEUR;7840;MOL;404573825;;;;;;;;;;;;;;0;;;;;;405;;;
45079;43843;2025-02-21;MAIRIE DE ST GEOURS DE MAREMNES;ARION 420;A5203774;REV 1200H;1118;MOL;404577683;;;;;;;;;;;;;;0;;;;;;406;;;
45080;6084;2025-02-28;FORESTIERE LAPEGUE;XERION 5000;78410241;PDF ARRIERE;1288;INCIDENT;404583294;;;88,08;88,08;0,00;229,25;196,50;32,75;;32,75;2025-05-05;février;04-08-2025;0;;;1;;;407;;;
45080;6084;2025-02-28;FORESTIERE LAPEGUE;XERION 5000;78410241;PDF ARRIERE;1288;GARANTIE;404583294;;;88,08;88,08;0,00;229,25;196,50;32,75;;32,75;2025-05-05;février;04-08-2025;1;0;85% de la MO;1;;;408;;;
45081;6086;2025-02-28;CUMA LA CIGALE ;TONNE MAUGUIN;;ELECTROVANNE;;GARANTIE MAUGUIN;;;;;;0,00;80,00;80,00;0,00;;0,00;2025-05-05;;;0;;;;;;409;;;
45082;43899;2025-03-03;LASSEGUE BAPTISTE;AXION 850;A5101164;A8DE;2793;MAXI CARE;404584247/404666498;;;30,75;30,75;0,00;917,00;65,50;851,50;150,00;851,50;2025-08-01;mars;31-10-2025;1;1;1h de MO pour le changement du filtre Diagnostic non pris en charge;1;;;410;;;
45083;43943;2025-03-03;EARL LE PESQUIT;UF 1302;;CAPTEUR EAU CLAIRE;;GARANTIE AMAZONE;T250009704;;;176,00;176,00;0,00;53,00;53,00;0,00;;0,00;2025-03-11;mars;10-06-2025;0;;;;;;411;;;
45084;43935;2025-03-03;GAEC LESCLAOUZON;ARION 440;A7302021;CODE 767C;1915;MAXI CARE;404584577;;;48,98;48,98;0,00;131,00;131,00;0,00;150,00;0,00;2025-03-20;mars;19-06-2025;1;0;;;;;412;;;
45085;6067;2025-03-04;EARL PEPINIERES LACAUSSE;ARION 430;A7304706;REVISION 12MOIS ;359;MOL;404585352;"51252701 MOTEUR
51252702 PONT";;;;;;;;;;;;;0;;;;;;413;;;
45085;6067;2025-03-04;EARL PEPINIERES LACAUSSE;ARION 430;A7304706;REVISION 12MOIS ;359;SOL;404585353;;;;;;;;;;;;;;0;;;;;;414;;;
45086;43874;2025-03-12;EARL LAFITTON;ARION 510;;JOINT DE CULASSE;4050;MAXI CARE;404593150;;;2929,11;2929,11;0,00;5141,75;4585,00;556,75;150,00;556,75;2025-06-02;mars;01-09-2025;1;0;;1;;;415;;;
45087;43831;2025-03-13;COMMUNAUTE DE COMMUNE GRAND DAX;ARION 420M;A7300398;OTS 15928;3514;OS;404508086;;;80,96;80,96;;107,63;107,63;;;;;mars;;0;;;;;;416;;;
45088;43979;2025-03-14;LASSEGUE BAPTISTE;ARION 660;A9705026;FILTRE TRANSMISSION;52;GARANTIE;404595291;;;32,53;32,53;0,00;65,50;65,50;0,00;;0,00;2025-03-20;mars;19-06-2025;1;0;;;;;417;;;
45089;43937;2025-03-14;AVL SERVICE;UF 16002;UF20004090;BAC INCORPORATEUR;481;GARANTIE AMAZONE;T250012371;;;;;0,00;106,00;106,00;0,00;;0,00;2025-03-18;;;0;;;;;;418;;;
45090;6104;2025-03-14;FORESTIERE LAPEGUE;XERION 5000;78410241;FUITE LIQUIDE DE REFROIDISSEMENT;1347;INCIDENT;404595565;;;;;;;;;;;;;;0;;;;;;419;;;
45090;6104;2025-03-14;FORESTIERE LAPEGUE;XERION 5000;78410241;FUITE LIQUIDE DE REFROIDISSEMENT;1347;GARANTIE;404595565;;;265,83;265,83;0,00;131,00;131,00;0,00;;0,00;2025-04-03;mars;03-07-2025;1;0;;;;;420;;;
45091;43961;2025-03-14;EARL DOUS AOUCHETS;ARION 650;A9702425;FUITE HUILE HYDRAULIQUE;1017;MAXI CARE;404595688;;;51,38;51,38;0,00;294,75;294,75;0,00;150,00;0,00;2025-03-20;mars;19-06-2025;1;0;;;;;421;;;
45092;43932;2025-03-14;ADOUR MOTOCULTURE;ARION 530;A9501886;OTS 16363;3;OS;404570147;;;2,28;2,28;0,00;65,50;65,50;0,00;;0,00;2025-03-20;mars;19-06-2025;0;;;;;;422;;;
45093;43962;2025-03-14;SARL COUREAU;ARION 450;A5306131;CLIM;4450;MAXI CARE;404595807;;;503,33;503,33;0,00;393,00;393,00;0,00;150,00;0,00;2025-05-15;mars;14-08-2025;1;0;;;;;423;;;
45094;44022;2025-03-14;SCEA DE BORDENAVE;ARION 650;A9605952;INTERRUPTEUR PDF;565;GARANTIE;404565895;;;46,07;46,07;0,00;26,20;26,20;0,00;;0,00;2025-03-20;mars;19-06-2025;1;0;;;;;424;;;
45095;43964;2025-03-17;EARL DOUS AOUCHETS;ARION 650;A9702425;REVISION 1000H;1017;MOL;404596685;"moteur : 51252703
Pont : 51252704";;;;;;;;;;;;;0;;;;;;425;;;
45096;43844;2025-03-17;EARL LEBORDE;ARION 620;A3701046;REV 4500H;4718;MOL;404596806;;;;;;;;;;;;;;0;;;;;;426;;;
45097;43984;2025-03-17;FORESTIERE LAPEGUE;XERION 5000;78410241;PDF;1347;GARANTIE;404596942;;;1552,80;1552,80;0,00;949,75;949,75;0,00;;0,00;2025-05-06;mars;05-08-2025;1;0;;;;;427;;;
45098;44036;2025-03-18;EARL LE BELICQ;ARION 660;A9702701;PHARE;985;INCIDENT;404597968;;;;;;;;;;;;;;0;;;;;;428;;;
45098;44036;2025-03-18;EARL LE BELICQ;ARION 660;A9702701;PHARE;985;GARANTIE;404597968;;;782,05;782,05;0,00;65,50;65,50;0,00;;0,00;2025-04-03;mars;03-07-2025;1;0;;;;;429;;;
45099;43191;2025-03-18;DONAGRI;PRECEA 6000;PRE0001688;SOC SILLONNEUR;;GARANTIE AMAZONE;T250013348;;;1801,92;1801,92;0,00;;;0,00;;0,00;2025-03-18;mars;17-06-2025;0;;;;;;430;;;
45100;43879;2025-03-18;ADOUR MOTOCULTURE;EASY;;OTS 16389;;OS;404539083;;;;;;343,88;;;;;;;;0;;;;;;431;;;
45101;43972;2025-03-19;EARL LOUSTAOU DU CHENES;ARION 550;A7501150;CAPTEUR DIRECTION;1295;MAXI CARE;404599801;;;445,01;445,01;0,00;98,25;98,25;0,00;150,00;0,00;2025-03-20;mars;19-06-2025;1;0;;;;;432;;;
45102;43936;2025-03-19;FORESTIERE LAPEGUE;SCORPION 732;K3100057;REVISION 1500H;1596;MOL;404600270;MOTEUR 51252705;;;;;;;;;;;;;0;;;;;;433;;;
45103;44027;2025-03-19;EARL LE BELICQ;ARION 660;A9702701;REV 1000H;984;MOL;404600635;;;;;;;;;;;;;;0;;;;;;434;;;
45103;44027;2025-03-19;EARL LE BELICQ;ARION 660;A9702701;REV 1000H;984;SOL;404600636;;;;;;;;;;;;;;0;;;;;;435;;;
45104;43918;2025-03-19;COMMUNAUTE DE COMMUNE GRAND DAX;ARION 420;A7303001;REV 1200H;1168;MOL;404600688;;;;;;;;;;;;;;0;;;;;;436;;;
45104;43052;2025-03-20;EARL MENAOUT;ARION 650;A3701675;JOINT DE CULASSE;2066;GARANTIE COMMERCIALE;404602303;;;2274,00;1823,29;450,71;2091,00;1676,56;414,44;;865,15;2025-06-02;mars;01-09-2025;1;0;Accord commercial avec Romain Jardel;1;;;437;;;
45104;43918;2025-03-19;COMMUNAUTE DE COMMUNE GRAND DAX;ARION 420;A7303001;REV 1200H;1168;SOL;404600689;;;;;;;;;;;;;;0;;;;;;438;;;
45105;43963;2025-03-20;SARL COUREAU;ARION 450;A5306131;PONT AVANT;4501;MAXI CARE;404602426;;;597,92;527,03;70,89;1244,50;655,00;589,50;150,00;660,39;2025-05-15;mars;14-08-2025;1;0;;1;;;439;;;
45106;6110;2025-03-27;FORESTIERE LAPEGUE;XERION 5000;78410241;FUITE HYDROLLIQUE;1362;INCIDENT;404603441;;;;;0,00;49,13;49,13;0,00;;0,00;2025-05-06;;;0;;;;;;440;;;
45106;6110;2025-03-27;FORESTIERE LAPEGUE;XERION 5000;78410241;FUITE HYDROLLIQUE;1362;MAXI CARE;404603441;;;;;0,00;49,13;49,13;0,00;;0,00;2025-05-05;;;0;;;;;;441;;;
45107;6044;2025-03-24;ADOUR MOTOCULTURE;ROLLANT 540;J0300469;OTS 16366;3363;OS;404507304;;;1,26;1,26;0,00;107,63;107,63;0,00;;0,00;2025-04-03;mars;03-07-2025;0;;;;;;442;;;
45108;6107;2025-03-24;FORESTIERE LAPEGUE;XERION 5000;78410241;CODE 18EC;1350;INCIDENT;404604800;;;;;;;;;;;;;;0;;;;;;443;;;
45108;6107;2025-03-27;FORESTIERE LAPEGUE;XERION 5000;78410241;CODE 18EC;1350;MAXI CARE;404604800;;;;;0,00;262,00;262,00;0,00;;0,00;2025-05-15;;;0;;;;;;444;;;
45109;6111;2025-04-09;FORESTIERE LAPEGUE;XERION 5000;78410241;POMPE ADBLUE;1360;INCIDENT;404604779;;;1220,12;1220,12;0,00;442,13;442,13;0,00;;0,00;2025-05-06;avril;05-08-2025;0;;;;;;445;;;
45109;6111;2025-04-09;FORESTIERE LAPEGUE;XERION 5000;78410241;POMPE ADBLUE;1360;MAXI CARE;404604779;;;;;;;;;;;;;;0;;;;;;446;;;
45110;44049;2025-03-24;EARL LAFITTON;ARION 510;;POMPE A EAU;4127;MAXI CARE;404605688;;;23,81;23,81;0,00;327,50;229,25;98,25;150,00;98,25;2025-04-03;mars;03-07-2025;1;0;3,5h de MO accepté;1;;;447;;;
45111;43946;2025-03-25;CUMA LA TAOUZIOLE;ZAV 2700;;ANTENNE GPS;0;GARANTIE AMAZONE;T250015104;;;1652,03;1652,03;0,00;53,00;53,00;0,00;;0,00;2025-07-09;mars;08-10-2025;0;;;;;;448;;;
45112;44051;2025-03-25;COMMUNAUTE DE COMMUNE GRAND DAX;ARION 420;A7303001;CAPTEUR NOX;1167;GARANTIE;404606391;;;347,88;347,88;0,00;327,50;131,00;196,50;;196,50;2025-04-03;mars;03-07-2025;1;0;3h de MO accepté ;1;;;449;;;
45113;44060;2025-03-25;COMMUNAUTE DE COMMUNE GRAND DAX;ARION 420;A2109698;REVISION 11000H;10997;MOL;404606799;;;;;;;;;;;;;;0;;;;;;450;;;
45114;43052;2025-03-25;EARL MENAOUT;ARION 650;A3701675;JOINT DE CULASSE;2066;Annuler;404606834;;;2274,00;;;2227,00;;;;;;mars;;0;;;;;;451;;;
45115;6100;2025-03-27;LASSEGUE BAPTISTE;ARION 660;A9705026;REV 100H;177;MOL;404609774;;;;;;;;;;;;;;0;;;;;;452;;;
45116;42313;2025-03-27;SARL LESBARRERE TRAVAUX AGRICOLES;AXION 800;A5001047;REV 1800H;1848H;MOL;404609874;;;;;;;;;;;;;;0;;;;;;453;;;
45116;42313;2025-03-27;SARL LESBARRERE TRAVAUX AGRICOLES;AXION 800;A5001047;REV 1800H;1848H;SOL;404609876;;;;;;;;;;;;;;0;;;;;;454;;;
45117;44037;2025-03-27;EARL LE BELICQ;ARION 660;A9702701;GYROPHARE;985;MAXI CARE;404610404;;27490400;149,91;149,91;;19,65;19,65;;;;2025-05-06;mars;05-08-2025;;;;;;;455;;;
45118;44035;2025-03-28;EARL LE BELICQ;ARION 660;A9702701;SIEGE;985;MAXI CARE;404610495;;;219,28;219,28;0,00;98,25;98,25;0,00;;0,00;2025-04-03;mars;03-07-2025;1;0;;;;;456;;;
45119;44063;2025-03-28;EARL LE BELICQ;ARION 660;A9702701;PDF;985;MAXI CARE;404610577;;;202,55;202,55;0,00;65,50;65,50;0,00;;0,00;2025-04-03;mars;03-07-2025;1;0;;;;;457;;;
45120;44078;2025-03-28;EARL LE BELICQ;ARION 660;A9702701;COURROIE;985;MAXI CARE;404610662;;;87,09;87,09;0,00;65,50;65,50;0,00;;0,00;2025-04-03;mars;03-07-2025;1;0;;;;;458;;;
45121;6046;2025-03-28;SCEA DU PONT D'UGNE;ELIOS 210;A4801924;REV 600H;624;MOL;404611043;;;;;;;;;;;;;;0;;;;;;459;;;
45121;6046;2025-03-28;SCEA DU PONT D'UGNE;ELIOS 210;A4801924;REV 600H;624;SOL;404611044;;;;;;;;;;;;;;0;;;;;;460;;;
45122;42796;2025-04-03;GAEC DE SAOUT ;CAYROS;;SOCS;270;GARANTIE AMAZONE;T250030468;;;2566,60;1283,26;1283,34;;;0,00;;1283,34;2025-07-09;avril;08-10-2025;0;;participation de amazone de 50%;1;;;461;;;
45123;44125;2025-04-08;COMMUNAUTE DE COMMUNE GRAND DAX;ARION 420;A7303001;DISTRIBUTEUR N°1;1169;MAXI CARE;404622675;;;153,35;153,35;0,00;163,75;163,75;0,00;;0,00;2025-05-15;avril;14-08-2025;1;0;;;;;462;;;
45124;43948;2025-04-09;EARL DE COSTEMALE;ARION 420;A2100347;REV 7500H ET CLIM;7509;MOL;404625273;;;;;;;;;;;;;;0;;;;;;463;;;
45125;6138;2025-04-18;BOSAGRI;SCORPION 746 VP STAGE V;K3500970;COURROIE;1163;MAXI CARE;404636279;;;81,38;81,38;0,00;229,25;229,25;0,00;;0,00;2025-05-15;avril;14-08-2025;1;0;;;;;464;;;
45126;44097;2025-04-22;EARL DAMESTOY;AXION 810;;REV 3800H;3842;MOL;404637513;;;;;;;;;;;;;;0;;;;;;465;;;
45127;44124;2025-04-22;EARL LE BELICQ;ARION 660;A167_6212439606;SAT 900;996-1021;MAXI CARE;404631026;;22514690;8625,35;8625,35;;393,00;393,00;;;;;avril;;0;;;;;;466;;;
45128;6143;2025-04-23;DIQUELOU EMILIEN;ATOS 340;A9900955;REV 1400H;1395;MOL;404638366;;;;;;;;;;;;;;0;;;;;;467;;;
45129;43606;2025-04-24;LAUGAREIL CYRIL;ARION 430;;PREPA OCCA+ REV 1700H ;1739;MOL;404639642;;;;;;;;;;;;;;0;;;;;;468;;;
45130;44081;2025-04-25;COUVOIR DE LA HAUTE CHALOSSE;ARION 450;;REV 1000H;1004;MOL;404641154;;;;;;;;;;;;;;0;;;;;;469;;;
45130;44081;2025-04-25;COUVOIR DE LA HAUTE CHALOSSE;ARION 450;;REV 1000H;1004;SOL;404641155;;;;;;;;;;;;;;0;;;;;;470;;;
45131;44153;2025-04-29;EARL DOUS AOUCHETS;ARION 650;A9702425;EMBOUT PDF;1025;MAXI CARE;404644323;;;3,00;3,00;0,00;65,50;65,50;0,00;150,00;0,00;2025-05-06;avril;05-08-2025;1;0;;;;;471;;;
45132;44154;2025-04-29;EARL DOUS AOUCHETS;ARION 650;A9702425;STABILISATEUR;1025;MAXI CARE;404644738;;;237,53;237,53;0,00;65,50;65,50;0,00;150,00;0,00;2025-05-06;avril;05-08-2025;1;0;;;;;472;;;
45133;44140;2025-04-29;LASSEGUE BAPTISTE;ARION 660;A9705026;SUPPORT TELEPHONE;177;GARANTIE;404645059;;;19,81;19,81;0,00;32,75;32,75;0,00;;0,00;2025-05-06;avril;05-08-2025;1;0;;;;;473;;;
45134;44199;2025-04-29;EARL DE LAMARE;ARION 430;A7306168;JAUGE GASOIL;64;GARANTIE;404645196;;27763710;109,81;109,81;0,00;393,00;262,00;131,00;;131,00;2025-05-15;avril;14-08-2025;1;0;;1;;;474;;;
45135;44210;2025-04-29;EARL DE LAMARE;ARION 430;A7306168;FUITE HUILE HYDRAULIQUE;64;GARANTIE;404645239;;;61,37;61,37;0,00;131,00;131,00;0,00;;0,00;2025-05-15;avril;14-08-2025;1;0;;;;;475;;;
45136;44204;2025-04-29;MAIRIE DE CARCARES ST CROIX;ARION 420;A7305353;CAPTEUR PDF;230;GARANTIE;404645312;;;38,92;38,92;0,00;131,00;131,00;0,00;;0,00;2025-05-06;avril;05-08-2025;1;0;;;;;476;;;
45137;43894;2025-04-30;EARL DES MONTS;AXION 920;A6400761;OS 16328;2379;OS;404521930;;;96,89;96,89;0,00;114,63;114,63;0,00;;0,00;2025-05-06;avril;05-08-2025;0;;;;;;477;;;
45138;44137;2025-05-02;EARL FERME DUCAMP;ARION 650;;REVISION 2430H ;2437;MOL;404648029;;;;;;;;;;;;;;0;;;;;;478;;;
45139;44187;2025-05-02;EARL ESCAZOUS;ARION 530;A9501833;REV 100H;140;MOL CLAAS LOCATION;404648205;;;332,88;414,14;;315,00;315,08;;;;;mai;;0;;;;;;479;;;
45139;44187;2025-05-02;EARL ESCAZOUS;ARION 530;;REV 100H;140;SOL CLAAS LOCATION;404648241;;;332,88;332,88;;327,50;327,50;;;;;mai;;0;;;;;;480;;;
45140;44142;2025-05-05;SARL DECES ET CIE;ARION 650;A9605919;REV 600H;601;MOL;404649942;51251497;;476,04;233,92;;262,00;262,00;;;;;mai;;0;;;;;;481;;;
45140;44142;2025-05-05;SARL DECES ET CIE;ARION 650;A9605919;REV 600H;601;SOL;404649943;;;;;;;;;;;;;;0;;;;;;482;;;
45141;6145;2025-05-05;FORESTIERE LAPEGUE;XERION 5000;78410241;AD BLUE;1390;MAXI CARE;404650424;;;436,25;436,25;0,00;1048,00;655,00;393,00;;393,00;2025-05-15;mai;14-08-2025;1;0;;1;;;483;;;
45142;6094;2025-05-05;CUMA LA CIGALE ;TONNE MAUGUIN;;ELECTROVANNE 1C4;;GARANTIE MAUGUIN;;;;15,00;15,00;0,00;50,00;50,00;0,00;;0,00;2025-06-23;mai;22-09-2025;1;0;;;;;484;;;
45143;44106;2025-05-06;GAEC L'YDEAL;CATROS DEMO;CA30004512;SUPPORT DE DISQUE;108;GARANTIE AMAZONE;T250026412;;;668,00;334,00;334,00;;;0,00;;334,00;2025-05-14;mai;13-08-2025;0;;;1;;;485;;;
45144;44061;2025-05-07;CUMA MIESPOSA;ARION 630;A9703090;REV 3500H;3530;MOL;404652457;;;;;;;;;;;;;;0;;;;;;486;;;
45144;44061;2025-05-07;CUMA MIESPOSA;ARION 630;A9703090;REV 3500H;3530;SOL;404652480;;;;;;;;;;;;;;0;;;;;;487;;;
45145;44095;2025-05-09;SARL LESBARRERE TRAVAUX AGRICOLES;AXION 800;A5001047;REV 2400H ;2451;MOL CLAAS LOCATION;404656363;;;696,26;696,26;;655,00;655,00;;;;;mai;;0;;;;;;488;;;
45145;44095;2025-05-09;SARL LESBARRERE TRAVAUX AGRICOLES;AXION 800;A5001047;REV 2400H ;2451;SOL CLAAS LOCATION;404656364;;;504,37;504,37;;655,00;655,00;;;;;mai;;0;;;;;;489;;;
45146;44203;2025-05-12;EARL L'ENCATADE;ARES 816;A0201552;INJECTEUR;8815/1h;GARANTIE PIECES;404657971;;;125,68;;;65,50;;;;;;mai;;0;;;;;;490;;;
45147;44255;2025-05-12;EARL CAPLANNE;ARION 450;A7304093;CLIMATISATION;565;GARANTIE;404458335;;;31,20;31,20;0,00;163,75;163,75;0,00;;0,00;2025-05-15;mai;14-08-2025;1;0;;;;;491;;;
45148;6175;2025-05-14;GAEC LESCLAOUZON;ARION 440;A7302021;BATI CHARGEUR;2144;INCIDENT;404661548;;;;;;;;;;;;;;0;;;;;;492;;;
45148;6175;2025-05-30;GAEC LESCLAOUZON;ARION 440;A7302021;BATI CHARGEUR;2144;MAXI CARE;404661548;;;608,52;608,52;0,00;655,00;655,00;0,00;150,00;0,00;2025-07-04;mai;03-10-2025;1;0;;;;;493;;;
45149;6052;2025-05-15;GAEC LESCLAOUZON;ARION 440;A7302021;REV 1800H;1908;MOL;404663978;"MOTEUR : 52151498
BV/ PONT : 52151499";;;;;;;;;;;;;0;;;;;;494;;;
45149;6052;2025-05-15;GAEC LESCLAOUZON;ARION 440;A7302021;REV 1800H;1908;SOL;404663996;"MOTEUR : 52151498
BV/ PONT : 52151499";;;;;;;;;;;;;0;;;;;;495;;;
45150;44301;2025-05-15;EARL ESCAZAOUS;ARION 530;;AXE DE PORTE GAUCHE;209;INCIDENT;404664191;;;;;;;;;;;;;;0;;;;;;496;;;
45150;44301;2025-05-15;EARL ESCAZAOUS;ARION 530;;AXE DE PORTE GAUCHE;209;GARANTIE;404664191;;;5,21;5,21;0,00;26,20;26,20;0,00;;0,00;2025-06-02;mai;01-09-2025;1;0;;;;;497;;;
45151;6156;2025-05-15;FORESTIERE LAPEGUE;XERION 5000;78410241;FUITE HYDRAULIQUE;1581;MAXI CARE;404664273;;;173,92;173,62;0,30;327,50;327,50;0,00;;0,30;2025-06-02;mai;01-09-2025;1;0;;;;;498;;;
45152;44202;2025-05-16;BESSET PASCAL;TREUIL ;;FREIN;50;GARANTIE;MFA;;;1441,75;1441,75;0,00;280,00;280,00;0,00;;0,00;2025-06-23;mai;22-09-2025;1;0;;;;;499;;;
45153;44041;2025-05-19;GAEC L'YDEAL;BROYEUR MASCHIO;;TOLE BROYEUR;50;GARANTIE MASHIO;201043-20250519122258;;;665,00;665,00;0,00;360,00;;360,00;;360,00;2025-07-03;mai;02-10-2025;0;;Main d'oeuvre non pris en charge;1;;;500;2025-03-14;;
45154;43933;2025-05-19;EARL ESCAZAOUS;ARION 530;;OS 16383;207;OS;404570136;;;2,28;2,28;0,00;65,50;65,50;0,00;;0,00;2025-06-02;mai;01-09-2025;0;;;;;;501;;;
45155;44307;2025-05-19;LASSEGUE BAPTISTE;ARION 660;A9705026;CAPTEUR D'ANGLE;385;GARANTIE;404666890;;11825160;362,07;362,07;0,00;65,50;65,50;0,00;;0,00;2025-06-17;mai;16-09-2025;1;0;;;;;502;;;
45156;6152;2025-05-20;ASF;ARION 430;;REVISION 4400H;4402;MOL;404667430;;;;;;;;;;;;;;0;;;;;;503;;;
45157;43929;2025-05-21;DONAGRI;CUVE FRONTALE AMAZONE;;JOINT SPI POMPE;352ha/35h;GARANTIE AMAZONE;T250031019;;22514690;;;0,00;24,50;24,50;0,00;;0,00;2025-06-04;;;0;;;;;;504;;;
45158;43131;2025-05-21;DONAGRI;PRECEA 6000;PRE0001688;PATIN DE GLISSEMENT;1012ha/249h;GARANTIE AMAZONE;T250031033;;;46,80;46,80;0,00;106,00;106,00;0,00;;0,00;2025-05-28;mai;27-08-2025;0;;;;;;505;;;
45159;44053;2025-05-21;DONAGRI;PRECEA 6000;;SOCS ELEMENT SEMEURS + STOP GRAINES;1012ha / 249h;GARANTIE AMAZONE;T250031057;;;2345,36;2345,36;0,00;424,00;424,00;0,00;;0,00;2025-06-04;mai;03-09-2025;0;;;;;;506;;;
45160;44175;2025-05-21;DONAGRI;PRECEA;PRE0001688;ROUE DE JAUGE;1124ha/249h;GARANTIE AMAZONE;T250031116;;;;;0,00;291,50;291,50;0,00;;0,00;2025-05-28;;;0;;;;;;507;;;
45161;44220;2025-05-21;DONAGRI;PRECEA 6000;PRE0001688;MOTEUR HYDRAULIQUE TURBINE;1124ha/249h;GARANTIE AMAZONE;T250031156;;;664,30;664,30;0,00;;;0,00;;0,00;2025-05-28;mai;27-08-2025;0;;;;;;508;;;
45162;44237;2025-05-21;DONAGRI;PRECEA 6000;PRE0001688;MOTEUR HYDRAULIQUE TURBINE;1124ha/249h;GARANTIE AMAZONE;T250031161;;;705,18;705,18;0,00;;;0,00;;0,00;2025-05-28;mai;27-08-2025;0;;;;;;509;;;
45163;44112;2025-05-21;EARL DES DEUX RUISSEAUX;PRECEA 4500;PRE0002734;FERTISPOT;0;GARANTIE AMAZONE;T250031251;;;9,10;9,10;0,00;53,00;53,00;0,00;;0,00;2025-05-28;mai;27-08-2025;0;;;;;;510;;;
45164;44241;2025-05-21;GRAZIANI GILLES;PRECEA 4500;PRE0001599;COUPURE TRONCON;22;GARANTIE AMAZONE;T250031263;;;648,00;648,00;0,00;212,00;212,00;0,00;;0,00;2025-05-28;mai;27-08-2025;0;;;;;;511;;;
45165;44246;2025-05-21;CUMA MIESPOSA;ARION 630;A9703090;FUITE D'HUILE;1089;MAXI CARE;404669598;;;131,00;8,93;122,07;71,63;65,50;6,13;150,00;128,20;2025-06-02;mai;01-09-2025;1;0;;1;;;512;;;
45166;44257;2025-05-21;EARL DUCASSE SERGE;PRECEA 4500;PRE0001680;VERIN DE REPORT DE CHARGE;177;GARANTIE AMAZONE;T250031378;;;236,99;236,99;0,00;;;0,00;;0,00;2025-05-28;mai;27-08-2025;0;;;;;;513;;;
45167;44281;2025-05-21;BOSAGRI;TREMI FRONTALE;FBS0000484;CAPTEUR FOND DE TREMIE;1239;GARANTIE AMAZONE;T250031535;;;76,44;76,44;0,00;53,00;53,00;0,00;;0,00;2025-05-28;mai;27-08-2025;0;;;;;;514;;;
45168;44289;2025-05-21;BOSAGRI;PANTERA 4504;PA40000254;CHAUFFAGE;2852ha/92h;GARANTIE AMAZONE;T250031395;;;2,60;2,60;0,00;424,00;424,00;0,00;;0,00;2025-05-28;mai;27-08-2025;0;;;;;;515;;;
45169;44303;2025-05-22;BOSAGRI;PANTERA 4504;PA40000254;FUITE DE BOUILLIE;2852ha/92h/504h moteur;GARANTIE AMAZONE;T250031685;;;41,65;41,65;0,00;477,00;477,00;0,00;;0,00;2025-05-28;mai;27-08-2025;0;;;;;;516;;;
45170;44146;2025-05-22;BOSAGRI;PRECEA 6000;PRE0000922;TUYAU TETE REPARTITION;371;GARANTIE AMAZONE;T250031752;;;756,00;756,00;0,00;;;0,00;;0,00;2025-05-28;mai;27-08-2025;0;;;;;;517;;;
45171;44211;2025-05-22;EARL DU SERPOLET;SCORPION 732;K3100313;CAPTEUR NOX;4967;GARANTIE PIECES;404671386;;19863601;740,39;;;131,00;;;;;;mai;;0;;;;;;518;;;
45172;44612;2025-07-31;ADOUR MOTOCULTURE;AXION 800 LESBARRERE;A5001047;OS 16432;2782;OS;404700719;;;;;0,00;65,50;65,50;0,00;;0,00;2025-08-01;;;0;;;;;;519;2025-07-17;;
45173;44363;2025-06-17;DUBOURDIEU ALAIN;AXION 830;A5103078;OS 16432;784;OS;404704067;;;;;0,00;81,88;81,88;0,00;;0,00;2025-07-04;;;0;;;;;;520;;;
45174;44575;2025-07-31;ADOUR MOTOCULTURE;ARION 630;A9702928;OS 16432;249;OS;404702751;;;;;0,00;81,88;81,88;0,00;;0,00;2025-08-01;;;0;;;;;;521;2025-07-07;;
45175;44422;2025-06-17;DUBOURDIEU ALAIN;ARION 450;A7303185;OS 16432;1086;OS;404702794;;;;;0,00;49,13;49,13;0,00;;0,00;2025-07-04;;;0;;;;;;522;;;
45176;44611;2025-08-04;COMMUNAUTE DE COMMUNE GRAND DAX;ARION 420M;A7303001;OS 16432;;OS;404703005;;;;;;;;;;;;;;0;;;;;;523;2025-07-17;;
45177;44574;2025-09-26;MAIRIE DE TARNOS;ARION 430;A7302367;OS 16432;1781;OS;404703400;;;;;;49,13;49,13;;;;;;;0;;;;;;524;2025-07-07;;
45178;44500;2025-07-09;MAIRIE DE TARTAS;ARION 420;A7303150;OS 16432;1195h;OS;404704347;;;;;0,00;49,13;49,13;0,00;;0,00;2025-07-17;;;0;;;;;;525;2025-06-19;;
45179;44575;2025-07-07;MBB;ARION 450;A7301053;OS 16432;;OS;404700900;;;;;;;;;;;;;;0;;;;;;526;;;
45180;44530;2025-07-09;CUMA MIESPOSA;ARION 630;A7601866;OS 16432;1337;OS;404704427;;;;;0,00;65,50;65,50;0,00;;0,00;2025-07-17;;;0;;;;;;527;2025-06-27;;
45181;44791;2025-09-25;EARL DE LA PLAINE;ARION 650;A9702024;OS 16432;827;OS;404701093;;;;;;81,88;81,88;;;;;;;0;;;;;;528;2025-09-17;;
45182;44610;2025-07-29;EARL DES MONTS;AXION 920;A6400761;OS 16432;2655;OS;404701671;;;;;0,00;81,88;81,88;0,00;;0,00;2025-08-01;;;0;;;;;;529;2025-07-17;;
45183;44501;2025-07-09;EARL DOUS AOUCHETS;ARION 650;A9702425;OS 16432;1270;OS;404701706;;;;;0,00;65,50;65,50;0,00;;0,00;2025-07-17;;;0;;;;;;530;2025-06-19;;
45184;44607;2025-07-29;EARL L'ENCATADE;ARION 630;A9701737;OS 16432;1470;OS;404701340;;;;;0,00;81,88;81,88;0,00;;0,00;2025-08-01;;;0;;;;;;531;2025-07-17;;
45185;44609;2025-07-29;EARL LE BELICQ;ARION 660;A9702701;OS 16432;1249;OS;404702740;;;;;0,00;81,88;81,88;0,00;;0,00;2025-08-01;;;0;;;;;;532;2025-07-17;;
45186;44608;2025-07-29;EARL MORA;ARION 610;A9702578;OS 16432;1195;OS;404703187;;;;;0,00;49,13;49,13;0,00;;0,00;2025-08-01;;;0;;;;;;533;2025-07-17;;
45187;44553;2025-07-22;EARL PAILLAS;ARION 450;A7301705;OS 16432;1989;OS;404701696;;;;;0,00;49,13;49,13;0,00;;0,00;2025-08-01;;;0;;;;;;534;2025-07-02;;
45188;44502;2025-07-09;FRITSCH JEROME;ARION 420;A7201489;OS 16432;413;OS;404678482;;;;;0,00;49,13;49,13;0,00;;0,00;2025-07-17;;;0;;;;;;535;2025-06-19;;
45189;6270;2025-09-16;GAEC LESCLAOUZON;ARION 440;A7302021;OS 16432;2457;OS;404701673;;;;;;49,13;49,13;;;;;;;0;;;;;;536;2025-07-03;;
45190;44584;2025-09-09;BESSET PASCAL;ARION 450;A7301985;OS 16432;2584;OS;404701667;;;;;0,00;49,13;49,13;0,00;;0,00;2025-09-11;;;0;;;;;;537;2025-07-09;;
45191;6269;2025-09-16;CLAIRANT PATRICIA;ARION 420;A7201569;OS 16432;1128;OS;404702797;;;;;;49,13;49,13;;;;;;;0;;;;;;538;2025-07-02;;
45192;44387;2025-06-02;ADOUR MOTOCULTURE;;;PIECES NON CONFORME;;GARANTIE AMAZONE;T250033990;;NH254;337,65;;;;;;;;;juin;;0;;;;;;539;;;
45193;6217;2025-06-03;GAEC LESCLAOUZON;ARION 440;A7302021;REservoir gasoil;;INCIDENT;404697170;;;;;;;;;;;;;;0;;;;;;540;;;
45194;44336;2025-06-03;SARL AVL SERVICES;UF 16002;UF20004090;AMATRON 4;632HA/23H;GARANTIE AMAZONE;T250034523;;;;;0,00;159,00;159,00;0,00;;0,00;2025-06-17;;;0;;;;;;541;;;
45195;44313;2025-06-04;ADOUR MOTOCULTURE;ARION 660;A9704035;REV 500H;537;SOL;404704649;"Moteur : 52151501
BV/ PONT : 52151500";;;;;;;;;;;;;0;;;;;;542;;;
45196;44312;2025-06-04;EARL DE LAMARE;ARION 440;A7306168;REV 100H;136;MOL;404705809;;;;;;;;;;;;;;0;;;;;;543;;;
45197;44300;2025-06-04;DEYRIS DENIS;ARES 620;CT72R0985;VISCO;13316;GARANTIE PIECES;404706068;;;;;;;;;;;;;;0;;;;;;544;;;
45198;44244;2025-06-05;EARL POUPON;ARION 530 ;A9501826;GPS;182;GARANTIE;404712528;;;;;;131,00;;;;;;;;0;;;;;;545;;;
45199;44309;2025-06-11;COMMUNAUTE DE COMMUNE GRAND DAX;ARION 420;A7300398;BOULE D'AZOTE;3567;GARANTIE PIECES;404717218/404843073;;;131,57;131,57;0,00;524,00;65,50;458,50;;458,50;2025-09-10;juin;10-12-2025;1;1;;1;;;546;;;
45200;44197;2025-06-11;EARL DES DEUX RUISSEAUX;PRECEA 4500;PRE0002734;FERTISPOT;114HA/21H;GARANTIE AMAZONE;T250036594;;;1113,00;1113,00;0,00;1822,81;1822,81;0,00;;0,00;2025-06-17;juin;16-09-2025;0;;;;;;547;;;
45201;44353;2025-06-11;CUMA MIESPOSA;ARION 630;A9703090;POMPE A EAU;1253;MAXI CARE;404717733;;;261,16;261,16;0,00;163,75;163,75;0,00;;0,00;2025-07-04;juin;03-10-2025;1;0;;;;;548;;;
45202;44364;2025-06-11;LOUSTAUNEAU ALEXANDRE;UF 1201;UF10027069;DEBITMETRE;149ha/26h;GARANTIE AMAZONE;T250036812;;;334,53;334,53;0,00;106,00;106,00;0,00;;0,00;2025-06-17;juin;16-09-2025;0;;;;;;549;;;
45203;44315;2025-06-12;DUBOURDIEU ALAIN;AXION 830;A5103078;CODE A92C;782;MAXI CARE;404719787;;;74,44;74,44;0,00;98,25;98,25;0,00;150,00;0,00;2025-08-01;juin;31-10-2025;1;1;;;;;550;;;
45204;44382;2025-06-12;EARL DE DOUE;PRECEA 6000;PRE0001591;SONDE ET MOTEUR;139ha-28H;GARANTIE AMAZONE;T250037140;;;664,41;664,41;0,00;318,00;318,00;0,00;;0,00;2025-06-17;juin;16-09-2025;0;;;;;;551;;;
45205;44384;2025-06-25;LESBARRERES VINCENT;PRECEA 6000;PRE0001561;MOTEUR ELEMENT SEMEUR 1;656ha/113h;GARANTIE AMAZONE;T250039956;;;280,35;280,35;0,00;212,00;212,00;0,00;;0,00;2025-06-30;juin;29-09-2025;0;;;;;;552;2025-05-30;;
45206;44385;2025-06-13;LESBARRERES VINCENT;PRECEA 6000;PRE0001561;MOTEUR TURBINE;656;GARANTIE AMAZONE;T250037533;;;682,50;682,50;0,00;212,00;212,00;0,00;;0,00;2025-06-17;juin;16-09-2025;0;;;;;;553;;;
45207;44386;2025-06-13;DONAGRI;PRECEA 6000;PRE0001688;MOTEUR ELEMENT SEMEUR 8;1124;GARANTIE AMAZONE;T250044884;;;280,35;280,35;0,00;106,00;106,00;0,00;;0,00;2025-07-23;juin;22-10-2025;0;;;;;;554;2025-05-30;;
45208;44388;2025-06-13;GRAZIANI GILLES;PRECEA 4500;PRE0001599;NH264;117;GARANTIE AMAZONE;T250040021;;;76,44;76,44;0,00;106,00;106,00;0,00;;0,00;2025-06-30;juin;29-09-2025;0;;;;;;555;2025-05-31;;
45209;44401;2025-06-13;EARL DOUS AOUCHETS;ARION 530;A9502013;ISOBUS;135;GARANTIE;404721632;;;482,76;482,76;0,00;720,00;524,00;196,00;;196,00;2025-07-17;juin;16-10-2025;1;1;;1;;;556;;;
45210;44403;2025-07-16;DONAGRI;PRECEA 6000;PRE0001688;ROULEMENT ELEMENT 7;1284;GARANTIE AMAZONE;T250044888;;;73,23;73,23;0,00;53,00;53,00;0,00;;0,00;2025-07-23;juillet;22-10-2025;0;;;;;;557;2025-06-03;;
45211;44405;2025-06-16;SARL LESBARRERE TRAVAUX AGRICOLES;ARION 630;A9704887;REV 100H;139;MOL;404724764;;;;;;;;;;;;;;0;;;;;;558;;;
45211;44405;2025-06-16;SARL LESBARRERE TRAVAUX AGRICOLES;ARION 630;A9704887;REV 100H;139;SOL;404724767;;;325,32;;;294,75;;;;;;juin;;0;;;;;;559;;;
45212;44218;2025-06-16;SAS POUYANNE;VARIANT 560;J1400634;REV 50H;760 BALLES;MOL;404724857;;;;;;;;;;;;;;0;;;;;;560;;;
45212;44218;2025-06-16;SAS POUYANNE;VARIANT 560;J1400634;REV 50H;760 BALLES;SOL;404724859;;;;;;;;;;;;;;0;;;;;;561;;;
45213;44357;2025-06-24;BARROUILLET  VINCENT;HERSE MASCHIO 5000;PM98W0421;BOITIER CENTRALE;1;GARANTIE MASHIO;201043-20250624160043;;;1992,43;1566,72;425,71;273,00;273,00;0,00;;425,71;2025-07-24;juin;23-10-2025;0;;ATTENTION BOITIER FACTURE 500€ DE PLUS VOIR SI CELA EST PRIS EN COMPTE;1;;;562;;;
45214;6209;2025-06-18;EARL DU SEQUE;ROLLANT 520;76007283;VERIN PICKUP;130 balles;GARANTIE;404727412;;;646,63;646,63;;65,50;65,50;;;;;juin;;0;;;;;;563;;;
45215;6210;2025-06-18;LOUSTAUNEAU ALEXANDRE;ARION 630;A9703194;FUSIBLE;680;GARANTIE;404727438;;26905510;18,45;18,45;0,00;262,00;262,00;0,00;;0,00;2025-07-17;juin;16-10-2025;1;1;;;;;564;;;
45216;6212;2025-06-18;SAS POUYANNE;VARIANT 560;J1400634;CARDAN;880balles;GARANTIE;404727630;;;714,48;714,48;;98,25;98,25;;;;;juin;;0;;;;;;565;;;
45217;6219;2025-06-18;ADOUR MOTOCULTURE;AXION 810;A6100209;REV 3600H;3534;MOL;404727799;;;;;;;;;;;;;;0;;;;;;566;;;
45218;6221;2025-06-19;BOSAGRI;SCORPION 746 VP STAGE V;K3500970;FUITE HUILE HYDRAULIQUE;1316;MAXI CARE;404728562;;19237040;947,31;;;671,38;;;;;;juin;;0;;;;;;567;;;
45219;6249;2025-06-20;ADOUR MOTOCULTURE;ROLLANT 540;;BOURRAGE AMENEUR;3363;INCIDENT;404730283;;;;;;;;;;;;;;0;;;;;;568;;;
45220;6223;2025-06-20;BOSAGRI;SCORPION 746 VP STAGE V;K3500970;REV 1300H;1317;MOL;404730495;;;;;;;;;;;;;;0;;;;;;569;;;
45221;44232;2025-06-24;ADOUR MOTOCULTURE;ARION 650;A9700686;REV 2500H;2482h;MOL;404734510;;;;;;;;;;;;;;0;;;;;;570;;;
45222;6226;2025-06-24;BOSAGRI;SCORPION 746 VP STAGE V;K3500970;JOINT PONT AVANT;1317;MAXI CARE;404734838;;;50,59;;;262,00;;;;;;juin;;0;;;;;;571;;;
45223;44332;2025-06-24;EARL DE VERSAILLE;LEBOULCH;;VERIN;;GARANTIE;;;;;;;;;;;;;;;0;;;;;;572;;;
45224;6223;2025-06-24;BOSAGRI;SCORPION 746 VP STAGE V;K3500970;COURROIE;1317;GARANTIE PIECES;404734949;;;24,12;;;16,38;;;;;;juin;;0;;;;;;573;;;
45225;44157;2025-06-24;SASU SUHUBIETTE SEBASTIEN;HERSE MASCHIO 6000;MM98T0637;VERIN DE REPLIAGE;;GARANTIE MASHIO;201043-20250624163136;;;1194,76;1194,76;0,00;;;0,00;;0,00;2025-07-24;juin;23-10-2025;0;;;;;;574;;;
45226;44397;2025-06-25;EARL DOUS AOUCHETS;ARION 530;A9502013;REV 100H;135;MOL;404736446;;;;;;;;;;;;;;0;;;;;;575;;;
45227;44429;2025-06-25;EARL DES DEUX RUISSEAUX;UF 1602;UF20003957;COUPURE TRONCON;2354522;GARANTIE AMAZONE;T250039945;;;;;0,00;212,00;212,00;0,00;;0,00;2025-06-30;;;0;;;;;;576;2025-06-10;;
45228;44431;2025-06-25;EARL LEBORDE;UF 1602;UF20005025;FUITE D'EAU;115ha/10h;GARANTIE AMAZONE;T250040133;;;1,82;1,82;0,00;159,00;159,00;0,00;;0,00;2025-07-09;juin;08-10-2025;0;;;;;;577;;;
45229;43818;2025-06-27;GPT MATHIO LESBATS;UF 1302;UF20004556;FUITE BOUILLIE;;GARANTIE AMAZONE;T250040388;;;5,76;5,76;0,00;53,00;53,00;0,00;;0,00;2025-06-30;juin;29-09-2025;0;;;;;;578;2025-01-08;;
45230;43867;;BOSAGRI;PANTERA 4504;PA40000254;RAMPES;;GARANTIE AMAZONE;;;;;;;;;;;;;;;0;;;;;;579;2025-01-22;;
45231;44026;;LASSEGUE BAPTISTE;EPANDEUR LEBOULCH;A20L1678;CAPTEUR PESER;;GARANTIE LEBOULCH;;;;;;;;;;;;;;;0;;;;;;580;2025-03-11;;
45232;44104;2025-07-16;SCEA ESPERANZA;ZAV 2700;ZA00032233;MAUVAIS EPANDAGE;;GARANTIE AMAZONE;T250045047;;;1024,60;;;159,00;;;;;;juillet;;0;;;;;;581;2025-03-29;;
45233;44219;;SAS POUYANNE;VARIANT 560;J1400634;ROUE PICK UP GAUC;;GARANTIE;;;;;;;;;;;;;;;0;;;;;;582;2025-04-25;;
45234;44339;2025-09-18;DONAGRI;PRECEA 6000;PRE0001688;SOC SILLONNEUR;249/1124;GARANTIE AMAZONE;T250058307;;;;;;354,00;;;;;;;;0;;;;;;583;2025-05-21;;
45235;44340;2025-09-23;MAIRIE DE CARCARES ST CROIX;ARION 420;A7305353;DISTRIBUTEUR;;GARANTIE;;;;;;0,00;196,50;0,00;196,50;;196,50;2025-09-23;;;0;;Non déclarer délai demande garantie dépasser;1;;;584;2025-05-22;;
45236;6231;2025-07-01;SAS POUYANNE;VARIANT 560;J1400634;LIAGE;1614;GARANTIE;404753936;;;58,35;58,35;;131,00;131,00;;;;;juillet;;0;;;;;;585;2025-05-28;;
45237;44367;2025-07-02;GRAZIANI GILLES;PRECEA;PRE0001599;DENT RESSORT;117ha/25h;GARANTIE AMAZONE;T250041596;;;88,40;88,40;0,00;;;0,00;;0,00;2025-07-09;juillet;08-10-2025;0;;;;;;586;2025-05-30;;
45238;44396;2025-07-07;EARL LE BELICQ;ARION 660;A9702701;ECHELLE;1187;GARANTIE;404761658;;;2774,93;2774,93;0,00;131,00;131,00;0,00;;0,00;2025-08-01;juillet;31-10-2025;1;1;;;;;587;2025-06-02;;
45239;44410;2025-06-30;BOSAGRI;PANTERA 4504;PA40000254;OS;3301ha-563h;GARANTIE AMAZONE;T250040887;;;96,18;96,18;0,00;106,00;106,00;0,00;;0,00;2025-06-30;juin;29-09-2025;0;;;;;;588;2025-04-06;;
45240;44416;;BOSAGRI;;;GARANTIE PIECES;;GARANTIE AMAZONE;;;;;;;;;;;;;;;0;;;;;;589;2025-05-06;;
45241;44442;2025-07-30;EARL DU RENARD BLANC;HERSE MASCHIO 5000;MM98W0373;FUITE D'HUILE;;GARANTIE MASHIO;201043-20250730122718;;;305,56;305,56;;;;;;;;juillet;;0;;;;;;590;2025-11-06;;
45242;6230;2025-09-18;GAEC LESCLAOUZON;ARION 440;A7302021;RESERVOIR GASOIL;2458;GARANTIE;404870312;;;1069,49;1049,45;;262,00;262,00;;150,00;;;septembre;;0;;filtre à gasoil non pris en charge;;;;591;2025-06-11;;
45243;6242;2025-08-08;FORESTIERE LAPEGUE;XERION 5000;78410241;BUS CAN;1859;MAXI CARE;404811106;;;;;0,00;884,25;0,00;884,25;;884,25;2025-09-10;;;0;;;1;;;592;2025-06-13;;
45243;6242;2025-08-08;FORESTIERE LAPEGUE;XERION 5000;78410241;BUS CAN;1859;MAXI CARE;404872652;;;;;;884,25;;;;;;;;0;;;;;;593;2025-06-13;;
45244;6246;2025-07-07;ADOUR MOTOCULTURE;AXION 830;A5106549;CODE 7F35;73;GARANTIE;404762286;;;114,84;114,84;0,00;150,65;150,65;0,00;;0,00;2025-09-11;juillet;11-12-2025;1;1;;;;;594;2025-06-18;;
45245;44520;2025-07-08;GPT EARL BIENVENUE - EARL MARLUS;ZAV 3200;ZA00032315;CAPTEUR PESER;;GARANTIE AMAZONE;T250042869;;;1022,74;1022,74;0,00;212,00;212,00;0,00;;0,00;2025-07-15;juillet;14-10-2025;0;;;;;;595;2025-06-24;;
45246;6254;2025-07-28;FORESTIERE LAPEGUE;XERION 5000;78410241;JOINT VERIN TOURELLE;1860;MAXI CARE;404796049;;;349,65;349,65;0,00;262,00;262,00;0,00;;0,00;2025-08-01;juillet;31-10-2025;1;1;;;;;596;2025-06-25;;
45247;44535;2025-07-03;SARL AVL SERVICES;UF 1602;UF20004090;PORTE BUSE;910ha/33h;GARANTIE AMAZONE;T250041982;;;3,64;3,64;0,00;106,00;106,00;0,00;;0,00;2025-07-09;juillet;08-10-2025;0;;;;;;597;2025-06-30;;
45248;44511;2025-07-04;MAIRIE DE PONTONX;ARION 420;A4303375;REVISION 4200H;4305;MOL;404759639;;;;;;;;;;;;;;0;;;;;;598;2025-06-30;;
45249;6261;2025-07-07;SCEA DU PONT D'UGNE;ELIOS 210;A6801230;COMMANDE INVERSEUR;826;MAXI CARE;404762851;;11587100;316,48;316,48;0,00;196,50;196,50;0,00;150,00;0,00;2025-08-01;juillet;31-10-2025;1;1;;;;;599;2025-06-26;;
45250;44558;2025-07-08;SARL LESBARRERE TRAVAUX AGRICOLES;ARION 530;A9401676;REV 1000H;1071;MOL CLAAS LOCATION;404763670;;;469,68;690,24;-220,56;320,95;320,95;0,00;;-220,56;2025-09-10;juillet;10-12-2025;0;;;;;;600;2025-07-04;;
45251;44563;2025-07-08;ADOUR MOTOCULTURE;ARION 430;A7305446;REV 100H;142;MOL;404763935;;;;;;;;;;;;;;0;;;;;;601;2025-07-04;;
45251;44563;2025-07-08;ADOUR MOTOCULTURE;ARION 430;A7305446;REV 100H;142;SOL;404764031;;;;;;;;;;;;;;0;;;;;;602;;;
45252;44564;2025-07-08;SARL LESBARRERE TRAVAUX AGRICOLES;ARION 530;A9401676;FREINS DE PARC;1071;MAXI CARE;404764094;;;;;0,00;196,50;196,50;0,00;;0,00;2025-07-17;;;0;;;;;;603;2025-07-07;;
45253;6282;2025-07-10;TPSL;VOLTO 800;G5305705;GARDE CORPS;20;INCIDENT;404767919;;;;;;;;;;;;;;0;;;;;;604;2025-07-09;;
45254;44485;2025-07-10;DONAGRI;PRECEA 6000;PRE0001688;SOCS ELEMENT SEMEURS;1660ha-310h;GARANTIE AMAZONE;T250043558;;;5646,48;5646,48;0,00;212,00;212,00;0,00;;0,00;2025-09-26;juillet;26-12-2025;0;;;;;;605;2025-06-17;;
45255;44581;2025-07-10;MBB;AXOS 3.105;B1300292;CODE ERREUR 1128-18;81;GARANTIE;404769404;;;3,60;3,60;0,00;65,50;65,50;0,00;;0,00;2025-07-17;juillet;16-10-2025;1;1;;;;;606;2025-07-08;;
45256;6251;2025-07-10;EARL DU SEQUE;ROLLANT 520 RC;76007283;ROULEMENT PORTE;130;GARANTIE;404769516;;;67,18;;;262,00;;;;;;juillet;;0;;;;;;607;2025-06-23;;
45257;6264;2025-07-15;GAEC LESCLAOUZON;ARION 440;A7302021;COUPLEUR HYDRAULIQUE;2332;MAXI CARE;404775451;;;466,80;466,80;0,00;196,50;65,50;131,00;150,00;131,00;2025-08-20;juillet;19-11-2025;1;1;Prise en charge d'une heure seulement;1;;;608;2025-06-27;;
45258;44588;2025-07-15;DONAGRI;PRECEA 6000;PRE0001688;CAPTEUR REPLIAGE;1660;GARANTIE AMAZONE;T250044540;;;;;0,00;212,00;212,00;0,00;;0,00;2025-07-23;;;0;;;;;;609;2025-07-10;;
45259;44592;2025-07-16;LASSEGUE BAPTISTE;ARION 660;A9705026;MODE FRONTAL;512;GARANTIE;404776885;;;;;0,00;65,50;65,50;0,00;;0,00;2025-08-01;;;0;;;;;;610;2025-07-10;;
45260;6190;2025-07-28;FORESTIERE LAPEGUE;XERION 5000;78410241;REVISION 2000H;1860;MOL CLAAS LOCATION;404796264;;;1807,63;2274,56;-466,93;743,43;743,43;0,00;;-466,93;2025-09-10;juillet;10-12-2025;0;;;;;;611;2025-05-15;;
45260;6190;2025-07-28;FORESTIERE LAPEGUE;XERION 5000;78410241;REVISION 2000H;1860;SOL CLAAS LOCATION;404796360;;;2490,54;2490,54;0,00;1179,00;1179,00;0,00;;0,00;2025-09-10;juillet;10-12-2025;0;;;;;;612;;;
45261;44528;2025-07-28;CUMA MIESPOSA;ARION 630;A9703090;INVERSEUR;1334;MAXI CARE;404797325;;22435480;228,85;228,85;0,00;196,50;196,50;0,00;150,00;0,00;2025-08-01;juillet;31-10-2025;1;1;;;;;613;2025-06-27;;
45262;44542;2025-09-15;EARL DU PETIT CABE;HERSE AMAZONE;KE20001197;MM1699;;GARANTIE AMAZONE;T250057393;;;350,00;350,00;0,00;413,00;413,00;0,00;;0,00;2025-09-26;septembre;26-12-2025;0;;;;;;614;2025-06-30;;
45263;44551;2025-07-29;SARL DECES ET CIE;ARION 650;A9605919;CODE 7742;;MAXI CARE;FRANCHISE SUPERIEUR;;;;;;;;;;;;;;0;;;;;;615;2025-07-01;;
45264;44547;2025-07-28;SARL DECES ET CIE;ARION 650;A9605919;DISTRIBUREUR N°3;865;MAXI CARE;404797355;;;200,48;200,48;0,00;327,50;327,50;0,00;150,00;0,00;2025-08-01;juillet;31-10-2025;1;1;;;;;616;2025-07-01;;
45265;44566;2025-07-29;COMMUNAUTE DE COMMUNE GRAND DAX;ARION 420;A7300398;ACCUMULATEUR;3620;GARANTIE PIECES;404798284;;;131,57;131,57;0,00;393,00;262,00;131,00;;131,00;2025-08-01;juillet;31-10-2025;1;1;;1;;;617;2025-07-07;;
45266;6280;2025-07-28;FORESTIERE LAPEGUE;XERION 5000;78410241;FUITE HYDROLLIQUE;1811h;MAXI CARE;404796111;;;90,48;90,48;0,00;294,75;294,75;0,00;;0,00;2025-08-01;juillet;31-10-2025;1;1;;;;;618;2025-07-08;;
45267;44589;2025-07-30;DONAGRI;CUVE FRONTALE AMAZONE;FT20000920;FUITE ENGRAIS;1679;GARANTIE AMAZONE;T250047873;;;22,30;;;106,00;;;;;;;;0;;;;;;619;2025-07-10;;
45268;44461;2025-07-31;ADOUR MOTOCULTURE;AXION 830;A5106549;REV 100H;114;MOL;404801607;;;;;;;;;;;;;;0;;;;;;620;2025-06-16;;
45269;44622;2025-07-31;SCEA DE BORDENAVE;ARION 650;A9605952;REV 1000H;1018;MOL CLAAS LOCATION;404802306;;;496,65;735,34;-238,69;327,50;327,50;0,00;;-238,69;2025-09-10;;10-12-2025;0;;;;;;621;2025-07-21;;
45269;44622;2025-07-31;SCEA DE BORDENAVE;ARION 650;A9605952;REV 1000H;1018;SOL CLAAS LOCATION;404802420;;;508,89;735,34;-226,45;458,50;327,50;131,00;;-95,45;2025-09-10;juillet;10-12-2025;0;;;;;;622;2025-07-21;;
45270;44638;2025-08-01;ADOUR MOTOCULTURE;AXION 830;A5106549;JOINT PDF AVANT;114;INCIDENT;404803733;;;;;;;;;;;;;;0;;;;;;623;2025-07-23;;
45270;44638;2025-08-01;ADOUR MOTOCULTURE;AXION 830;A5106549;JOINT PDF AVANT;114;GARANTIE;404803733;;;25,57;25,57;0,00;131,00;131,00;0,00;;0,00;2025-08-20;août;19-11-2025;1;1;;;;;624;2025-07-23;;
45271;44623;2025-08-01;MAIRIE DE TARTAS;ARION 420;A7303150;OS 15928;1195;OS;404509624;;;80,96;80,96;0,00;114,63;114,63;0,00;;0,00;2025-08-20;;19-11-2025;0;;;;;;625;2025-07-21;;
45272;44656;2025-08-06;LASSEGUE CHRISTIAN;;;CABLE DISTRIBUTEUR;8372;GARANTIE PIECES;404807424;;;71,61;71,61;0,00;65,50;;65,50;;65,50;2025-08-20;;19-11-2025;1;1;;1;;;626;2025-07-30;;
45273;44641;2025-08-07;LASSEGUE BAPTISTE;ARION 660;A9705026;CHARGEUR FRONTALE;533;GARANTIE;404809166;;;;;0,00;198,50;65,50;133,00;;133,00;2025-08-20;;;0;;prise en charge d'une heure de MO;1;;;627;2025-07-30;;
45274;44653;2025-08-07;LASSEGUE BAPTISTE;ARION 660;A9705026;CABLE CROCHET RAMASSEUR;533;GARANTIE;404809293;;;60,90;60,90;0,00;131,00;131,00;0,00;;0,00;2025-08-20;;19-11-2025;1;1;;;;;628;2025-07-30;;
45275;44616;2025-08-07;ADOUR MOTOCULTURE;AXION 830;A5106549;SIEGE;112;GARANTIE;404809376;;;206,24;206,24;0,00;262,00;262,00;0,00;;0,00;2025-09-10;;10-12-2025;1;1;;;;;629;2025-07-18;;
45276;44807;2025-09-01;LAMARQUE JEAN JACQUES;ARION 530;A9401896;REV 100H;98;MOL;404839927;;;321,61;;;196,50;;;;;;;;0;;;;;;630;2025-07-30;;
45276;44807;2025-09-01;LAMARQUE JEAN JACQUES;ARION 530;A9401896;REV 100H;98;SOL CLAAS LOCATION;404872389;;;321,61;;;196,50;;;;;;septembre;;0;;;;;;631;2025-07-30;;
45277;44676;2025-09-01;ADOUR MOTOCULTURE;AXOS 3.105;B1300292;BATTERIE;84;GARANTIE;404840730;;;187,56;187,56;0,00;26,20;26,20;0,00;;0,00;2025-09-10;;10-12-2025;1;1;;;;;632;2025-08-05;;
45278;43637;2025-09-02;COMMUNAUTE DE COMMUNE GRAND DAX;ARION 420;A7300398;INVERSEUR VIOLENT;3260;PARTICIPATION COMMERCIALE;404841625;;;1036,34;992,57;43,77;2096,00;2007,55;88,45;150,00;132,22;2025-09-10;;10-12-2025;1;1;;1;;;633;2025-11-07;;
45279;44640;2025-09-03;FORESTIERE LAPEGUE;XERION 5000;78410241;BOITE DE TRANSFERT;1900;MAXI CARE;404842590;;;4992,86;;;1899,50;;;;;;;;0;;;;;;634;2025-07-25;;
45280;6314;2025-09-03;FORESTIERE LAPEGUE;XERION 5000;78410241;FREINS;1900;MAXI CARE;404842912;;;19,75;19,75;0,00;65,50;65,50;0,00;;0,00;2025-09-11;;11-12-2025;1;1;;;;;635;2025-08-05;;
45281;6315;2025-09-03;FORESTIERE LAPEGUE;XERION 5000;78410241;PRESSION HYDROLIQUE;1900;MAXI CARE;404842968;;;;;;131,00;;;;;;;;0;;;;;;636;2025-08-07;;
45282;6316;2025-09-03;FORESTIERE LAPEGUE;XERION 5000;78410241;PEDALE ACCÉLARATEUR;1900;MAXI CARE;404842992;;;;;;131,00;;;;;;;;0;;;;;;637;2025-08-07;;
45283;44742;2025-09-11;SARL LESBARRERE TRAVAUX AGRICOLES;ARION 630;A9704887;OS 16442;358;OS;404704527;;;;;;16,38;;;;;;;;0;;;;;;638;2025-09-05;;
45284;44743;2025-09-11;EARL ESCAZAOUS;ARION 530;A9501833;OS 16442;308;OS;404704525;;;;;;16,38;16,38;;;;;;;0;;;;;;639;2025-09-05;;
45285;44744;2025-09-11;EARL POUPON;ARION 530;A9501826;OS 16442;266;OS;404704518;;;;;;16,38;;;;;;;;0;;;;;;640;2025-09-05;;
45286;6325;2025-09-16;GAEC LESCLAOUZON;ARION 440;A7302021;OTS 15928;2457;OS;404508581;;;80,96;;;107,63;;;;;;;;0;;;;;;641;2025-09-09;;
45287;44667;2025-09-16;DARNAUDET BRIGITTE;ARION 430;A2107187;REV 2500H;2618;MOL;404866257;;;;;;;;;;;;;;0;;;;;;642;2025-08-04;;
45288;44792;2025-09-26;ADOUR MOTOCULTURE;ARION 430;A7303536;OTS 15928;564;OS;404509628;;;80,96;80,96;;107,63;107,63;;;;;;;0;;;;;;643;2025-09-17;;
45289;44793;2025-09-26;DUBOURDIEU ALAIN;ARION 450;A7303185;OTS 15928;1165;OS;404508885;;;80,96;80,96;;169,13;169,13;;;;;;;0;;;;;;644;2025-09-17;;
45290;44794;2025-09-26;LABAT ALAIN;ARION 430;A7300190;OTS 15928;1763;OS;404508008;;;80,96;80,96;;107,63;107,63;;;;;;;0;;;;;;645;2025-09-17;;
45291;44795;2025-09-26;COMMUNAUTE DE COMMUNE GRAND DAX;ARION 420;A7303001;OTS 15928;1835;OS;404508954;;;80,96;;;107,63;;;;;;;;0;;;;;;646;2025-09-17;;
45292;44796;2025-09-26;MAIRIE DE TARNOS;ARION 430;A7302367;OTS 15928;1781;OS;404509076;;;80,96;80,96;;107,63;107,63;;;;;;;0;;;;;;647;2025-09-17;;
45293;44797;2025-09-26;MBB;ARION 450;A7301053;OTS 15928;1517;OS;404508288;;;80,96;80,96;;107,63;107,63;;;;;;;0;;;;;;648;2025-09-17;;
45294;44798;2025-09-26;EARL CAPLANNE;ARION 450;A7304093;OTS 15928;678;OS;404509745;;;107,63;107,63;;80,96;80,96;;;;;;;0;;;;;;649;2025-09-17;;
45295;44799;2025-09-26;COUVOIR DE LA HAUTE CHALOSSE;ARION 450;A7304101;OTS 15928;1182;OS;404509741;;;80,96;80,96;;169,13;169,13;;;;;;;0;;;;;;650;2025-09-17;;
45296;44800;2025-09-26;EARL PAILLAS;ARION 450;A7301705;OTS 15928;2056;OS;404508582;;;80,96;80,96;;107,63;107,63;;;;;;;0;;;;;;651;2025-09-17;;
45297;44801;2025-09-26;EARL PEPINIERES LACAUSSE;ARION 430;A7304706;OTS 15928;465;OS;404510011;;;80,96;80,96;;107,63;107,63;;;;;;;0;;;;;;652;2025-09-17;;
45298;44802;2025-09-26;FRITSCH JEROME;ARION 420;A7201489;OTS 15928;435;OS;404508876;;;80,96;80,96;;107,63;107,63;;;;;;;0;;;;;;653;2025-09-17;;
45299;44803;2025-09-26;MBB;ARION 440;A7301757;OTS 15928;1365;OS;404508583;;;80,96;80,96;;107,63;107,63;;;;;;;0;;;;;;654;2025-09-17;;
45300;44804;2025-09-26;BESSET PASCAL;ARION 450;A7301985;OTS 15928;2787;OS;404508580;;;80,96;80,96;;107,63;107,63;;;;;;;0;;;;;;655;2025-09-17;;
45301;44805;2025-09-26;CLAIRANT PATRICIA;ARION 420;A7201569;OTS 15928;1131;OS;404508888;;;80,96;80,96;;107,63;107,63;;;;;;;0;;;;;;656;2025-09-17;;
45302;44481;2025-09-17;EARL LE BELICQ;ARION 660;A9705273;REV 100H;93;MOL;404869254;;;;;;;;;;;;;;0;;;;;;657;2025-06-17;;
45303;44698;2025-09-18;EARL DES MONTS;AXION 920;A6400761;DEMARRAGE;2661;MAXI CARE;404870490;;;;;;262,00;;;150,00;;;;;0;;;;;;658;2025-08-21;;
45304;44678;2025-09-18;EARL DES MONTS;AXION 920;A6400761;REVISION 2400H;2656;MOL;404870717;;;;;;;;;;;;;;0;;;;;;659;2025-08-05;;
45304;44678;2025-09-18;EARL DES MONTS;AXION 920;A6400761;REVISION 2400H;2656;SOL;404870726;;;;;;;;;;;;;;0;;;;;;660;2025-08-05;;
45305;6324;2025-09-18;GAEC LESCLAOUZON;ARION 440;A7302021;VITESSE BRUTALE;2457;MAXI CARE;404870782;;;68,74;;;131,00;;;150,00;;;;;0;;;;;;661;2025-09-09;;
45306;44697;2025-09-18;EARL LE BELICQ;ARION 660;A9705273;ANTENNE TELEMETRIE;318h;GARANTIE;404871329;;;151,58;;;131,00;;;;;;;;0;;;;;;662;2025-08-21;;
45307;44681;2025-09-19;CUMA MIESPOSA;ARION 610;A9700800;REVISION 2500H;2615;MOL;404873285;;;320,96;;;320,95;;;;;;;;0;;;;;;663;2025-08-07;;
45307;44681;2025-09-19;CUMA MIESPOSA;ARION 610;A9700800;REVISION 2500H;2615;SOL;404873286;;;552,77;;;131,00;;;;;;septembre;;0;;;;;;664;;;
45308;6333;2025-09-23;SARL PHDX;CELTIS 456;CT3640986;DEMARRAGE;6829;GARANTIE PIECES;;;;543,03;;;163,75;;;;;;;;0;;;;;;665;2025-09-17;;
45309;44717;2025-09-23;SCEA ESPERANZA;TREMIE FRONTALE;FBS0000992;ETALONNAGE;709ha;GARANTIE AMAZONE;T250059118;;;;;;118,00;;;;;;;;0;;;;;;666;2025-09-01;;
45310;44724;2025-09-23;MAIRIE DE DAX;NEXOS 230;A6700266;MANCHON ADBLUE;13;GARANTIE;404891971;;;55,69;55,69;;65,50;65,50;;;;;;;0;;;;;;667;2025-09-02;;
45311;44773;2025-09-24;EARL DE LA PLAINE;ARION 650;A9702024;REV 800H;825;MOL;404879860;;;;;;;;;;;;;;0;;;;;;668;2025-09-12;;
45312;44730;2025-09-25;COUVOIR DE LA HAUTE CHALOSSE;RENAULT 95-12;CT1150974;INJECTEUR;2500H /1H;GARANTIE PIECES;404882526;;;;;;;;;;;;;;0;;;;;;669;2025-09-03;;
45313;44784;2025-09-26;MLE;ARION 630;A9703634; REV 1500H;1468h;MOL CLAAS LOCATION;404887126;;;925,61;;;422,48;;;;;;septembre;;0;;;;;;670;2025-09-16;;
45313;44784;2025-09-26;MLE;ARION 630;A9703634; REV 1500H;1468h;SOL CLAAS LOCATION;404887170;;;928,56;;;458,50;;;;;;septembre;;0;;;;;;671;;;
45314;44786;2025-09-26;SCEA DE BORDENAVE;ARION 650;A9605952;GUIDAGE;1156;GARANTIE;404887256;;;;;;131,00;;;;;;;;0;;;;;;672;2025-09-16;;
45315;44741;2025-09-23;MAIRIE DE DAX;NEXOS 230;A6700266;BATTERIE;13;GARANTIE;404891976;;;169,33;169,33;;32,75;32,75;;;;;;;0;;;;;;673;2025-09-02;;
45316;44759;2025-09-29;SARL LESBARRERE TRAVAUX AGRICOLES;ARION 530;A9401676;ALIMENTATION CARBURANT;1158;MAXI CARE;404892247;;;105,66;;;104,80;;;;;;;;0;;;;;;674;2025-09-09;;
45317;44825;2025-09-30;CLAIRANT PATRICIA;AXOS 3.105;B1300292;REV 100H;275;MOL;404894767;;;;;;;;;;;;;;0;;;;;;675;2025-09-24;;
45318;6339;2025-10-02;ADOUR MOTOCULTURE;ARION 650;A7702378;REV 4300 HEURES;4304;MOL;404898054;;;;;;;;;;;;;;0;;;;;;676;2025-09-24;;
45319;44767;2025-10-02;BOSAGRI;AMAZONE CIRUS;CR30002628;VERIN BRAS OSCILLANT;0;GARANTIE AMAZONE;T250061541;;;386,07;;;118,00;;;;;;;;0;;;;;;677;2025-09-11;;
45320;44814;2025-10-02;CUMA MIESPOSA;ARION 630;A9703090;ARBRE PONT AV GAUCHE;1425;MAXI CARE;404898619;;;1685,15;;;255,45;;;150,00;;;;;0;;;;;;678;2025-09-18;;
45321;6345;2025-10-03;EARL POUPON;ARION 610;A7702203;TROMPETTE ARG;2009;INCIDENT;404899287;;;;;;;;;;;;;;0;;;;;;679;2025-09-26;;
